timestep,graph,community,previous_community,score,pcid
20,DiGraph with 900 nodes and 613 edges,0,,1.0,0
20,DiGraph with 900 nodes and 613 edges,1,,1.0,1
20,DiGraph with 900 nodes and 613 edges,2,,1.0,2
20,DiGraph with 900 nodes and 613 edges,3,,1.0,3
20,DiGraph with 900 nodes and 613 edges,4,,1.0,4
20,DiGraph with 900 nodes and 613 edges,5,,1.0,5
20,DiGraph with 900 nodes and 613 edges,15,,1.0,6
21,DiGraph with 641 nodes and 518 edges,11,15.0,0.7182,6
20,DiGraph with 900 nodes and 613 edges,7,,1.0,7
20,DiGraph with 900 nodes and 613 edges,8,,1.0,8
20,DiGraph with 900 nodes and 613 edges,9,,1.0,9
20,DiGraph with 900 nodes and 613 edges,10,,1.0,10
20,DiGraph with 900 nodes and 613 edges,11,,1.0,11
21,DiGraph with 641 nodes and 518 edges,18,11.0,0.8067,11
20,DiGraph with 900 nodes and 613 edges,12,,1.0,12
20,DiGraph with 900 nodes and 613 edges,13,,1.0,13
20,DiGraph with 900 nodes and 613 edges,14,,1.0,14
20,DiGraph with 900 nodes and 613 edges,16,,1.0,15
21,DiGraph with 641 nodes and 518 edges,9,16.0,0.8145,15
22,DiGraph with 1763 nodes and 1537 edges,457,9.0,0.9319,15
20,DiGraph with 900 nodes and 613 edges,17,,1.0,16
20,DiGraph with 900 nodes and 613 edges,18,,1.0,17
20,DiGraph with 900 nodes and 613 edges,19,,1.0,18
21,DiGraph with 641 nodes and 518 edges,87,19.0,0.8334,18
22,DiGraph with 1763 nodes and 1537 edges,68,87.0,0.711,18
23,DiGraph with 1187 nodes and 1046 edges,178,68.0,0.6315,18
20,DiGraph with 900 nodes and 613 edges,20,,1.0,19
20,DiGraph with 900 nodes and 613 edges,21,,1.0,20
21,DiGraph with 641 nodes and 518 edges,86,21.0,0.7826,20
20,DiGraph with 900 nodes and 613 edges,22,,1.0,21
21,DiGraph with 641 nodes and 518 edges,30,22.0,0.6968,21
22,DiGraph with 1763 nodes and 1537 edges,1,30.0,0.6792,21
20,DiGraph with 900 nodes and 613 edges,23,,1.0,22
20,DiGraph with 900 nodes and 613 edges,24,,1.0,23
21,DiGraph with 641 nodes and 518 edges,26,24.0,0.7079,23
22,DiGraph with 1763 nodes and 1537 edges,4,26.0,0.7051,23
23,DiGraph with 1187 nodes and 1046 edges,5,4.0,0.6734,23
20,DiGraph with 900 nodes and 613 edges,25,,1.0,24
20,DiGraph with 900 nodes and 613 edges,26,,1.0,25
21,DiGraph with 641 nodes and 518 edges,131,26.0,0.6807,25
22,DiGraph with 1763 nodes and 1537 edges,3,131.0,0.6734,25
23,DiGraph with 1187 nodes and 1046 edges,41,3.0,0.6471,25
20,DiGraph with 900 nodes and 613 edges,27,,1.0,26
20,DiGraph with 900 nodes and 613 edges,28,,1.0,27
20,DiGraph with 900 nodes and 613 edges,29,,1.0,28
21,DiGraph with 641 nodes and 518 edges,0,29.0,0.7503,28
20,DiGraph with 900 nodes and 613 edges,30,,1.0,29
20,DiGraph with 900 nodes and 613 edges,31,,1.0,30
20,DiGraph with 900 nodes and 613 edges,32,,1.0,31
20,DiGraph with 900 nodes and 613 edges,91,,1.0,32
20,DiGraph with 900 nodes and 613 edges,34,,1.0,33
20,DiGraph with 900 nodes and 613 edges,35,,1.0,34
20,DiGraph with 900 nodes and 613 edges,36,,1.0,35
20,DiGraph with 900 nodes and 613 edges,37,,1.0,36
20,DiGraph with 900 nodes and 613 edges,38,,1.0,37
20,DiGraph with 900 nodes and 613 edges,39,,1.0,38
21,DiGraph with 641 nodes and 518 edges,19,39.0,0.9995,38
22,DiGraph with 1763 nodes and 1537 edges,36,19.0,0.9991,38
20,DiGraph with 900 nodes and 613 edges,40,,1.0,39
21,DiGraph with 641 nodes and 518 edges,91,40.0,0.7532,39
22,DiGraph with 1763 nodes and 1537 edges,217,91.0,0.6356,39
23,DiGraph with 1187 nodes and 1046 edges,67,217.0,0.6882,39
20,DiGraph with 900 nodes and 613 edges,41,,1.0,40
21,DiGraph with 641 nodes and 518 edges,181,41.0,0.8638,40
22,DiGraph with 1763 nodes and 1537 edges,137,181.0,0.8906,40
20,DiGraph with 900 nodes and 613 edges,43,,1.0,41
20,DiGraph with 900 nodes and 613 edges,44,,1.0,42
21,DiGraph with 641 nodes and 518 edges,53,44.0,0.8975,42
20,DiGraph with 900 nodes and 613 edges,45,,1.0,43
20,DiGraph with 900 nodes and 613 edges,46,,1.0,44
20,DiGraph with 900 nodes and 613 edges,47,,1.0,45
20,DiGraph with 900 nodes and 613 edges,48,,1.0,46
20,DiGraph with 900 nodes and 613 edges,49,,1.0,47
20,DiGraph with 900 nodes and 613 edges,50,,1.0,48
20,DiGraph with 900 nodes and 613 edges,51,,1.0,49
21,DiGraph with 641 nodes and 518 edges,67,51.0,0.9962,49
20,DiGraph with 900 nodes and 613 edges,52,,1.0,50
21,DiGraph with 641 nodes and 518 edges,69,52.0,0.9985,50
20,DiGraph with 900 nodes and 613 edges,53,,1.0,51
20,DiGraph with 900 nodes and 613 edges,54,,1.0,52
20,DiGraph with 900 nodes and 613 edges,55,,1.0,53
20,DiGraph with 900 nodes and 613 edges,56,,1.0,54
20,DiGraph with 900 nodes and 613 edges,57,,1.0,55
21,DiGraph with 641 nodes and 518 edges,17,57.0,0.7404,55
22,DiGraph with 1763 nodes and 1537 edges,316,17.0,0.6745,55
23,DiGraph with 1187 nodes and 1046 edges,27,316.0,0.7563,55
24,DiGraph with 1126 nodes and 961 edges,89,27.0,0.6358,55
20,DiGraph with 900 nodes and 613 edges,58,,1.0,56
21,DiGraph with 641 nodes and 518 edges,140,58.0,0.7163,56
22,DiGraph with 1763 nodes and 1537 edges,396,140.0,0.6699,56
23,DiGraph with 1187 nodes and 1046 edges,157,396.0,0.8674,56
24,DiGraph with 1126 nodes and 961 edges,177,157.0,0.9727,56
20,DiGraph with 900 nodes and 613 edges,59,,1.0,57
20,DiGraph with 900 nodes and 613 edges,60,,1.0,58
20,DiGraph with 900 nodes and 613 edges,61,,1.0,59
20,DiGraph with 900 nodes and 613 edges,62,,1.0,60
20,DiGraph with 900 nodes and 613 edges,63,,1.0,61
20,DiGraph with 900 nodes and 613 edges,65,,1.0,62
21,DiGraph with 641 nodes and 518 edges,233,65.0,0.9994,62
22,DiGraph with 1763 nodes and 1537 edges,233,233.0,0.9987,62
20,DiGraph with 900 nodes and 613 edges,66,,1.0,63
20,DiGraph with 900 nodes and 613 edges,67,,1.0,64
20,DiGraph with 900 nodes and 613 edges,68,,1.0,65
20,DiGraph with 900 nodes and 613 edges,69,,1.0,66
21,DiGraph with 641 nodes and 518 edges,52,69.0,0.6332,66
20,DiGraph with 900 nodes and 613 edges,70,,1.0,67
20,DiGraph with 900 nodes and 613 edges,71,,1.0,68
20,DiGraph with 900 nodes and 613 edges,72,,1.0,69
20,DiGraph with 900 nodes and 613 edges,73,,1.0,70
20,DiGraph with 900 nodes and 613 edges,75,,1.0,71
21,DiGraph with 641 nodes and 518 edges,126,75.0,0.8726,71
20,DiGraph with 900 nodes and 613 edges,76,,1.0,72
20,DiGraph with 900 nodes and 613 edges,77,,1.0,73
20,DiGraph with 900 nodes and 613 edges,78,,1.0,74
21,DiGraph with 641 nodes and 518 edges,70,78.0,0.6628,74
22,DiGraph with 1763 nodes and 1537 edges,109,70.0,0.7214,74
23,DiGraph with 1187 nodes and 1046 edges,174,109.0,0.6603,74
24,DiGraph with 1126 nodes and 961 edges,248,174.0,0.7797,74
20,DiGraph with 900 nodes and 613 edges,79,,1.0,75
20,DiGraph with 900 nodes and 613 edges,80,,1.0,76
20,DiGraph with 900 nodes and 613 edges,81,,1.0,77
20,DiGraph with 900 nodes and 613 edges,82,,1.0,78
20,DiGraph with 900 nodes and 613 edges,83,,1.0,79
21,DiGraph with 641 nodes and 518 edges,237,83.0,0.8871,79
22,DiGraph with 1763 nodes and 1537 edges,302,237.0,0.877,79
20,DiGraph with 900 nodes and 613 edges,84,,1.0,80
20,DiGraph with 900 nodes and 613 edges,85,,1.0,81
20,DiGraph with 900 nodes and 613 edges,86,,1.0,82
21,DiGraph with 641 nodes and 518 edges,113,86.0,0.7172,82
22,DiGraph with 1763 nodes and 1537 edges,37,113.0,0.8562,82
23,DiGraph with 1187 nodes and 1046 edges,24,37.0,0.6775,82
20,DiGraph with 900 nodes and 613 edges,87,,1.0,83
20,DiGraph with 900 nodes and 613 edges,88,,1.0,84
21,DiGraph with 641 nodes and 518 edges,119,88.0,0.8645,84
22,DiGraph with 1763 nodes and 1537 edges,318,119.0,0.8908,84
23,DiGraph with 1187 nodes and 1046 edges,197,318.0,0.855,84
24,DiGraph with 1126 nodes and 961 edges,127,197.0,0.8831,84
20,DiGraph with 900 nodes and 613 edges,89,,1.0,85
21,DiGraph with 641 nodes and 518 edges,171,89.0,0.824,85
22,DiGraph with 1763 nodes and 1537 edges,476,171.0,0.809,85
23,DiGraph with 1187 nodes and 1046 edges,187,476.0,0.8714,85
24,DiGraph with 1126 nodes and 961 edges,192,187.0,0.7963,85
20,DiGraph with 900 nodes and 613 edges,90,,1.0,86
20,DiGraph with 900 nodes and 613 edges,92,,1.0,87
20,DiGraph with 900 nodes and 613 edges,93,,1.0,88
20,DiGraph with 900 nodes and 613 edges,94,,1.0,89
20,DiGraph with 900 nodes and 613 edges,95,,1.0,90
20,DiGraph with 900 nodes and 613 edges,96,,1.0,91
20,DiGraph with 900 nodes and 613 edges,97,,1.0,92
21,DiGraph with 641 nodes and 518 edges,12,97.0,0.6561,92
22,DiGraph with 1763 nodes and 1537 edges,25,12.0,0.7475,92
23,DiGraph with 1187 nodes and 1046 edges,99,25.0,0.7013,92
20,DiGraph with 900 nodes and 613 edges,98,,1.0,93
21,DiGraph with 641 nodes and 518 edges,76,98.0,0.9952,93
22,DiGraph with 1763 nodes and 1537 edges,524,76.0,0.9924,93
23,DiGraph with 1187 nodes and 1046 edges,202,524.0,0.9873,93
24,DiGraph with 1126 nodes and 961 edges,239,202.0,0.9777,93
20,DiGraph with 900 nodes and 613 edges,99,,1.0,94
20,DiGraph with 900 nodes and 613 edges,100,,1.0,95
21,DiGraph with 641 nodes and 518 edges,99,100.0,0.9367,95
20,DiGraph with 900 nodes and 613 edges,101,,1.0,96
20,DiGraph with 900 nodes and 613 edges,102,,1.0,97
20,DiGraph with 900 nodes and 613 edges,103,,1.0,98
20,DiGraph with 900 nodes and 613 edges,104,,1.0,99
20,DiGraph with 900 nodes and 613 edges,105,,1.0,100
21,DiGraph with 641 nodes and 518 edges,170,105.0,0.8906,100
22,DiGraph with 1763 nodes and 1537 edges,159,170.0,0.8959,100
20,DiGraph with 900 nodes and 613 edges,106,,1.0,101
20,DiGraph with 900 nodes and 613 edges,107,,1.0,102
20,DiGraph with 900 nodes and 613 edges,108,,1.0,103
21,DiGraph with 641 nodes and 518 edges,129,108.0,0.9455,103
22,DiGraph with 1763 nodes and 1537 edges,460,129.0,0.8779,103
23,DiGraph with 1187 nodes and 1046 edges,140,460.0,0.8335,103
20,DiGraph with 900 nodes and 613 edges,109,,1.0,104
20,DiGraph with 900 nodes and 613 edges,110,,1.0,105
20,DiGraph with 900 nodes and 613 edges,111,,1.0,106
20,DiGraph with 900 nodes and 613 edges,112,,1.0,107
20,DiGraph with 900 nodes and 613 edges,113,,1.0,108
20,DiGraph with 900 nodes and 613 edges,114,,1.0,109
20,DiGraph with 900 nodes and 613 edges,115,,1.0,110
21,DiGraph with 641 nodes and 518 edges,61,115.0,0.8901,110
20,DiGraph with 900 nodes and 613 edges,116,,1.0,111
21,DiGraph with 641 nodes and 518 edges,71,116.0,0.7501,111
22,DiGraph with 1763 nodes and 1537 edges,138,71.0,0.849,111
20,DiGraph with 900 nodes and 613 edges,117,,1.0,112
20,DiGraph with 900 nodes and 613 edges,118,,1.0,113
20,DiGraph with 900 nodes and 613 edges,119,,1.0,114
21,DiGraph with 641 nodes and 518 edges,29,119.0,0.8996,114
20,DiGraph with 900 nodes and 613 edges,120,,1.0,115
20,DiGraph with 900 nodes and 613 edges,121,,1.0,116
20,DiGraph with 900 nodes and 613 edges,122,,1.0,117
20,DiGraph with 900 nodes and 613 edges,123,,1.0,118
20,DiGraph with 900 nodes and 613 edges,124,,1.0,119
21,DiGraph with 641 nodes and 518 edges,162,124.0,0.8291,119
20,DiGraph with 900 nodes and 613 edges,125,,1.0,120
20,DiGraph with 900 nodes and 613 edges,126,,1.0,121
21,DiGraph with 641 nodes and 518 edges,73,126.0,0.787,121
22,DiGraph with 1763 nodes and 1537 edges,118,73.0,0.7779,121
23,DiGraph with 1187 nodes and 1046 edges,118,118.0,0.6773,121
24,DiGraph with 1126 nodes and 961 edges,51,118.0,0.8424,121
20,DiGraph with 900 nodes and 613 edges,127,,1.0,122
20,DiGraph with 900 nodes and 613 edges,128,,1.0,123
20,DiGraph with 900 nodes and 613 edges,129,,1.0,124
20,DiGraph with 900 nodes and 613 edges,130,,1.0,125
20,DiGraph with 900 nodes and 613 edges,131,,1.0,126
21,DiGraph with 641 nodes and 518 edges,231,131.0,0.8915,126
22,DiGraph with 1763 nodes and 1537 edges,48,231.0,0.8355,126
20,DiGraph with 900 nodes and 613 edges,132,,1.0,127
21,DiGraph with 641 nodes and 518 edges,220,132.0,0.8818,127
22,DiGraph with 1763 nodes and 1537 edges,219,220.0,0.9855,127
20,DiGraph with 900 nodes and 613 edges,133,,1.0,128
20,DiGraph with 900 nodes and 613 edges,134,,1.0,129
20,DiGraph with 900 nodes and 613 edges,135,,1.0,130
21,DiGraph with 641 nodes and 518 edges,95,135.0,0.9857,130
22,DiGraph with 1763 nodes and 1537 edges,487,95.0,0.9954,130
20,DiGraph with 900 nodes and 613 edges,136,,1.0,131
20,DiGraph with 900 nodes and 613 edges,137,,1.0,132
21,DiGraph with 641 nodes and 518 edges,163,137.0,0.9105,132
22,DiGraph with 1763 nodes and 1537 edges,227,163.0,0.953,132
20,DiGraph with 900 nodes and 613 edges,138,,1.0,133
20,DiGraph with 900 nodes and 613 edges,139,,1.0,134
21,DiGraph with 641 nodes and 518 edges,198,139.0,0.9634,134
22,DiGraph with 1763 nodes and 1537 edges,272,198.0,0.9626,134
20,DiGraph with 900 nodes and 613 edges,140,,1.0,135
20,DiGraph with 900 nodes and 613 edges,141,,1.0,136
21,DiGraph with 641 nodes and 518 edges,5,141.0,0.8081,136
22,DiGraph with 1763 nodes and 1537 edges,341,5.0,0.9416,136
20,DiGraph with 900 nodes and 613 edges,142,,1.0,137
21,DiGraph with 641 nodes and 518 edges,41,142.0,0.7037,137
22,DiGraph with 1763 nodes and 1537 edges,195,41.0,0.791,137
23,DiGraph with 1187 nodes and 1046 edges,120,195.0,0.8768,137
24,DiGraph with 1126 nodes and 961 edges,132,120.0,0.8673,137
20,DiGraph with 900 nodes and 613 edges,143,,1.0,138
21,DiGraph with 641 nodes and 518 edges,85,143.0,0.8525,138
20,DiGraph with 900 nodes and 613 edges,144,,1.0,139
20,DiGraph with 900 nodes and 613 edges,145,,1.0,140
20,DiGraph with 900 nodes and 613 edges,146,,1.0,141
21,DiGraph with 641 nodes and 518 edges,165,146.0,0.758,141
20,DiGraph with 900 nodes and 613 edges,147,,1.0,142
21,DiGraph with 641 nodes and 518 edges,58,147.0,0.9419,142
20,DiGraph with 900 nodes and 613 edges,148,,1.0,143
20,DiGraph with 900 nodes and 613 edges,149,,1.0,144
20,DiGraph with 900 nodes and 613 edges,150,,1.0,145
20,DiGraph with 900 nodes and 613 edges,151,,1.0,146
20,DiGraph with 900 nodes and 613 edges,152,,1.0,147
21,DiGraph with 641 nodes and 518 edges,117,152.0,0.7769,147
22,DiGraph with 1763 nodes and 1537 edges,375,117.0,0.9133,147
20,DiGraph with 900 nodes and 613 edges,153,,1.0,148
21,DiGraph with 641 nodes and 518 edges,44,153.0,0.8273,148
22,DiGraph with 1763 nodes and 1537 edges,128,44.0,0.8598,148
20,DiGraph with 900 nodes and 613 edges,154,,1.0,149
20,DiGraph with 900 nodes and 613 edges,155,,1.0,150
20,DiGraph with 900 nodes and 613 edges,156,,1.0,151
21,DiGraph with 641 nodes and 518 edges,177,156.0,0.846,151
22,DiGraph with 1763 nodes and 1537 edges,426,177.0,0.8169,151
23,DiGraph with 1187 nodes and 1046 edges,176,426.0,0.8766,151
20,DiGraph with 900 nodes and 613 edges,157,,1.0,152
20,DiGraph with 900 nodes and 613 edges,158,,1.0,153
20,DiGraph with 900 nodes and 613 edges,159,,1.0,154
20,DiGraph with 900 nodes and 613 edges,160,,1.0,155
20,DiGraph with 900 nodes and 613 edges,161,,1.0,156
21,DiGraph with 641 nodes and 518 edges,89,161.0,0.6885,156
22,DiGraph with 1763 nodes and 1537 edges,9,89.0,0.7515,156
20,DiGraph with 900 nodes and 613 edges,162,,1.0,157
20,DiGraph with 900 nodes and 613 edges,163,,1.0,158
21,DiGraph with 641 nodes and 518 edges,108,163.0,0.9324,158
20,DiGraph with 900 nodes and 613 edges,164,,1.0,159
21,DiGraph with 641 nodes and 518 edges,235,164.0,0.8703,159
22,DiGraph with 1763 nodes and 1537 edges,419,235.0,0.9548,159
23,DiGraph with 1187 nodes and 1046 edges,84,419.0,0.9521,159
20,DiGraph with 900 nodes and 613 edges,165,,1.0,160
20,DiGraph with 900 nodes and 613 edges,166,,1.0,161
21,DiGraph with 641 nodes and 518 edges,56,166.0,0.7892,161
22,DiGraph with 1763 nodes and 1537 edges,18,56.0,0.7525,161
23,DiGraph with 1187 nodes and 1046 edges,12,18.0,0.9186,161
24,DiGraph with 1126 nodes and 961 edges,17,12.0,0.908,161
20,DiGraph with 900 nodes and 613 edges,167,,1.0,162
20,DiGraph with 900 nodes and 613 edges,168,,1.0,163
20,DiGraph with 900 nodes and 613 edges,169,,1.0,164
20,DiGraph with 900 nodes and 613 edges,170,,1.0,165
21,DiGraph with 641 nodes and 518 edges,204,170.0,0.9711,165
22,DiGraph with 1763 nodes and 1537 edges,351,204.0,0.8294,165
20,DiGraph with 900 nodes and 613 edges,171,,1.0,166
21,DiGraph with 641 nodes and 518 edges,115,171.0,0.856,166
22,DiGraph with 1763 nodes and 1537 edges,49,115.0,0.9542,166
20,DiGraph with 900 nodes and 613 edges,172,,1.0,167
20,DiGraph with 900 nodes and 613 edges,173,,1.0,168
20,DiGraph with 900 nodes and 613 edges,174,,1.0,169
20,DiGraph with 900 nodes and 613 edges,175,,1.0,170
20,DiGraph with 900 nodes and 613 edges,176,,1.0,171
21,DiGraph with 641 nodes and 518 edges,21,176.0,0.7347,171
20,DiGraph with 900 nodes and 613 edges,177,,1.0,172
20,DiGraph with 900 nodes and 613 edges,178,,1.0,173
20,DiGraph with 900 nodes and 613 edges,179,,1.0,174
21,DiGraph with 641 nodes and 518 edges,59,179.0,0.7187,174
20,DiGraph with 900 nodes and 613 edges,180,,1.0,175
20,DiGraph with 900 nodes and 613 edges,181,,1.0,176
21,DiGraph with 641 nodes and 518 edges,187,181.0,0.7876,176
22,DiGraph with 1763 nodes and 1537 edges,57,187.0,0.8623,176
20,DiGraph with 900 nodes and 613 edges,182,,1.0,177
21,DiGraph with 641 nodes and 518 edges,31,182.0,0.9066,177
20,DiGraph with 900 nodes and 613 edges,183,,1.0,178
21,DiGraph with 641 nodes and 518 edges,10,183.0,0.7895,178
22,DiGraph with 1763 nodes and 1537 edges,459,10.0,0.9503,178
20,DiGraph with 900 nodes and 613 edges,184,,1.0,179
20,DiGraph with 900 nodes and 613 edges,185,,1.0,180
21,DiGraph with 641 nodes and 518 edges,32,185.0,0.7809,180
22,DiGraph with 1763 nodes and 1537 edges,355,32.0,0.8656,180
23,DiGraph with 1187 nodes and 1046 edges,38,355.0,0.9878,180
24,DiGraph with 1126 nodes and 961 edges,202,38.0,0.9674,180
20,DiGraph with 900 nodes and 613 edges,186,,1.0,181
20,DiGraph with 900 nodes and 613 edges,187,,1.0,182
21,DiGraph with 641 nodes and 518 edges,68,187.0,0.9445,182
22,DiGraph with 1763 nodes and 1537 edges,210,68.0,0.987,182
20,DiGraph with 900 nodes and 613 edges,188,,1.0,183
21,DiGraph with 641 nodes and 518 edges,174,188.0,0.9502,183
22,DiGraph with 1763 nodes and 1537 edges,388,174.0,0.9275,183
20,DiGraph with 900 nodes and 613 edges,189,,1.0,184
21,DiGraph with 641 nodes and 518 edges,215,189.0,0.9725,184
20,DiGraph with 900 nodes and 613 edges,190,,1.0,185
20,DiGraph with 900 nodes and 613 edges,191,,1.0,186
20,DiGraph with 900 nodes and 613 edges,192,,1.0,187
21,DiGraph with 641 nodes and 518 edges,184,192.0,0.7899,187
22,DiGraph with 1763 nodes and 1537 edges,348,184.0,0.9061,187
20,DiGraph with 900 nodes and 613 edges,193,,1.0,188
20,DiGraph with 900 nodes and 613 edges,194,,1.0,189
20,DiGraph with 900 nodes and 613 edges,195,,1.0,190
20,DiGraph with 900 nodes and 613 edges,196,,1.0,191
21,DiGraph with 641 nodes and 518 edges,96,196.0,0.6866,191
22,DiGraph with 1763 nodes and 1537 edges,467,96.0,0.8903,191
23,DiGraph with 1187 nodes and 1046 edges,132,467.0,0.6948,191
24,DiGraph with 1126 nodes and 961 edges,32,132.0,0.6647,191
20,DiGraph with 900 nodes and 613 edges,197,,1.0,192
20,DiGraph with 900 nodes and 613 edges,198,,1.0,193
20,DiGraph with 900 nodes and 613 edges,199,,1.0,194
21,DiGraph with 641 nodes and 518 edges,14,199.0,0.9103,194
20,DiGraph with 900 nodes and 613 edges,200,,1.0,195
20,DiGraph with 900 nodes and 613 edges,201,,1.0,196
20,DiGraph with 900 nodes and 613 edges,202,,1.0,197
21,DiGraph with 641 nodes and 518 edges,102,202.0,0.7419,197
20,DiGraph with 900 nodes and 613 edges,203,,1.0,198
20,DiGraph with 900 nodes and 613 edges,204,,1.0,199
20,DiGraph with 900 nodes and 613 edges,205,,1.0,200
20,DiGraph with 900 nodes and 613 edges,206,,1.0,201
20,DiGraph with 900 nodes and 613 edges,207,,1.0,202
21,DiGraph with 641 nodes and 518 edges,232,207.0,0.9986,202
22,DiGraph with 1763 nodes and 1537 edges,208,232.0,0.9992,202
20,DiGraph with 900 nodes and 613 edges,208,,1.0,203
20,DiGraph with 900 nodes and 613 edges,209,,1.0,204
21,DiGraph with 641 nodes and 518 edges,216,209.0,0.8504,204
22,DiGraph with 1763 nodes and 1537 edges,201,216.0,0.872,204
20,DiGraph with 900 nodes and 613 edges,210,,1.0,205
21,DiGraph with 641 nodes and 518 edges,173,210.0,0.9639,205
22,DiGraph with 1763 nodes and 1537 edges,418,173.0,0.85,205
20,DiGraph with 900 nodes and 613 edges,211,,1.0,206
21,DiGraph with 641 nodes and 518 edges,208,211.0,0.9685,206
22,DiGraph with 1763 nodes and 1537 edges,102,208.0,0.9388,206
20,DiGraph with 900 nodes and 613 edges,212,,1.0,207
20,DiGraph with 900 nodes and 613 edges,213,,1.0,208
21,DiGraph with 641 nodes and 518 edges,92,213.0,0.8113,208
22,DiGraph with 1763 nodes and 1537 edges,145,92.0,0.9543,208
20,DiGraph with 900 nodes and 613 edges,214,,1.0,209
20,DiGraph with 900 nodes and 613 edges,215,,1.0,210
20,DiGraph with 900 nodes and 613 edges,216,,1.0,211
20,DiGraph with 900 nodes and 613 edges,217,,1.0,212
21,DiGraph with 641 nodes and 518 edges,34,217.0,0.754,212
22,DiGraph with 1763 nodes and 1537 edges,121,34.0,0.6425,212
23,DiGraph with 1187 nodes and 1046 edges,82,121.0,0.7143,212
24,DiGraph with 1126 nodes and 961 edges,11,82.0,0.7897,212
20,DiGraph with 900 nodes and 613 edges,218,,1.0,213
20,DiGraph with 900 nodes and 613 edges,219,,1.0,214
21,DiGraph with 641 nodes and 518 edges,142,219.0,0.7713,214
22,DiGraph with 1763 nodes and 1537 edges,74,142.0,0.8559,214
23,DiGraph with 1187 nodes and 1046 edges,70,74.0,0.8748,214
24,DiGraph with 1126 nodes and 961 edges,249,70.0,0.8381,214
20,DiGraph with 900 nodes and 613 edges,220,,1.0,215
20,DiGraph with 900 nodes and 613 edges,221,,1.0,216
20,DiGraph with 900 nodes and 613 edges,222,,1.0,217
20,DiGraph with 900 nodes and 613 edges,223,,1.0,218
20,DiGraph with 900 nodes and 613 edges,224,,1.0,219
21,DiGraph with 641 nodes and 518 edges,134,224.0,0.9807,219
20,DiGraph with 900 nodes and 613 edges,225,,1.0,220
21,DiGraph with 641 nodes and 518 edges,161,225.0,0.9528,220
20,DiGraph with 900 nodes and 613 edges,226,,1.0,221
21,DiGraph with 641 nodes and 518 edges,64,226.0,0.831,221
22,DiGraph with 1763 nodes and 1537 edges,160,64.0,0.8942,221
20,DiGraph with 900 nodes and 613 edges,227,,1.0,222
20,DiGraph with 900 nodes and 613 edges,228,,1.0,223
21,DiGraph with 641 nodes and 518 edges,189,228.0,0.9983,223
20,DiGraph with 900 nodes and 613 edges,229,,1.0,224
21,DiGraph with 641 nodes and 518 edges,149,229.0,0.9939,224
22,DiGraph with 1763 nodes and 1537 edges,330,149.0,0.9903,224
20,DiGraph with 900 nodes and 613 edges,230,,1.0,225
21,DiGraph with 641 nodes and 518 edges,48,230.0,0.9211,225
22,DiGraph with 1763 nodes and 1537 edges,399,48.0,0.9966,225
20,DiGraph with 900 nodes and 613 edges,231,,1.0,226
20,DiGraph with 900 nodes and 613 edges,232,,1.0,227
20,DiGraph with 900 nodes and 613 edges,233,,1.0,228
20,DiGraph with 900 nodes and 613 edges,234,,1.0,229
21,DiGraph with 641 nodes and 518 edges,180,234.0,0.8336,229
20,DiGraph with 900 nodes and 613 edges,235,,1.0,230
20,DiGraph with 900 nodes and 613 edges,236,,1.0,231
21,DiGraph with 641 nodes and 518 edges,212,236.0,0.9326,231
20,DiGraph with 900 nodes and 613 edges,237,,1.0,232
21,DiGraph with 641 nodes and 518 edges,27,237.0,0.8758,232
22,DiGraph with 1763 nodes and 1537 edges,508,27.0,0.9456,232
23,DiGraph with 1187 nodes and 1046 edges,171,508.0,0.8824,232
20,DiGraph with 900 nodes and 613 edges,238,,1.0,233
21,DiGraph with 641 nodes and 518 edges,203,238.0,0.9075,233
22,DiGraph with 1763 nodes and 1537 edges,282,203.0,0.9105,233
20,DiGraph with 900 nodes and 613 edges,239,,1.0,234
21,DiGraph with 641 nodes and 518 edges,139,239.0,0.843,234
22,DiGraph with 1763 nodes and 1537 edges,353,139.0,0.8844,234
23,DiGraph with 1187 nodes and 1046 edges,92,353.0,0.808,234
24,DiGraph with 1126 nodes and 961 edges,220,92.0,0.8539,234
20,DiGraph with 900 nodes and 613 edges,240,,1.0,235
20,DiGraph with 900 nodes and 613 edges,241,,1.0,236
20,DiGraph with 900 nodes and 613 edges,242,,1.0,237
21,DiGraph with 641 nodes and 518 edges,39,242.0,0.9659,237
20,DiGraph with 900 nodes and 613 edges,243,,1.0,238
21,DiGraph with 641 nodes and 518 edges,15,243.0,0.8072,238
22,DiGraph with 1763 nodes and 1537 edges,411,15.0,0.9241,238
20,DiGraph with 900 nodes and 613 edges,244,,1.0,239
20,DiGraph with 900 nodes and 613 edges,245,,1.0,240
21,DiGraph with 641 nodes and 518 edges,94,245.0,0.9044,240
22,DiGraph with 1763 nodes and 1537 edges,224,94.0,0.9135,240
20,DiGraph with 900 nodes and 613 edges,246,,1.0,241
20,DiGraph with 900 nodes and 613 edges,247,,1.0,242
20,DiGraph with 900 nodes and 613 edges,248,,1.0,243
20,DiGraph with 900 nodes and 613 edges,249,,1.0,244
20,DiGraph with 900 nodes and 613 edges,250,,1.0,245
20,DiGraph with 900 nodes and 613 edges,251,,1.0,246
20,DiGraph with 900 nodes and 613 edges,252,,1.0,247
20,DiGraph with 900 nodes and 613 edges,253,,1.0,248
21,DiGraph with 641 nodes and 518 edges,114,253.0,0.7696,248
22,DiGraph with 1763 nodes and 1537 edges,235,114.0,0.8257,248
20,DiGraph with 900 nodes and 613 edges,254,,1.0,249
20,DiGraph with 900 nodes and 613 edges,255,,1.0,250
20,DiGraph with 900 nodes and 613 edges,256,,1.0,251
20,DiGraph with 900 nodes and 613 edges,257,,1.0,252
20,DiGraph with 900 nodes and 613 edges,258,,1.0,253
21,DiGraph with 641 nodes and 518 edges,132,258.0,0.8533,253
20,DiGraph with 900 nodes and 613 edges,259,,1.0,254
21,DiGraph with 641 nodes and 518 edges,205,259.0,0.7289,254
22,DiGraph with 1763 nodes and 1537 edges,410,205.0,0.7384,254
23,DiGraph with 1187 nodes and 1046 edges,150,410.0,0.9401,254
20,DiGraph with 900 nodes and 613 edges,260,,1.0,255
20,DiGraph with 900 nodes and 613 edges,261,,1.0,256
20,DiGraph with 900 nodes and 613 edges,262,,1.0,257
21,DiGraph with 641 nodes and 518 edges,206,262.0,0.7692,257
22,DiGraph with 1763 nodes and 1537 edges,455,206.0,0.8789,257
23,DiGraph with 1187 nodes and 1046 edges,158,455.0,0.7887,257
24,DiGraph with 1126 nodes and 961 edges,64,158.0,0.833,257
20,DiGraph with 900 nodes and 613 edges,263,,1.0,258
21,DiGraph with 641 nodes and 518 edges,101,263.0,0.9992,258
20,DiGraph with 900 nodes and 613 edges,264,,1.0,259
20,DiGraph with 900 nodes and 613 edges,265,,1.0,260
21,DiGraph with 641 nodes and 518 edges,107,265.0,0.9996,260
20,DiGraph with 900 nodes and 613 edges,266,,1.0,261
21,DiGraph with 641 nodes and 518 edges,133,266.0,0.9668,261
22,DiGraph with 1763 nodes and 1537 edges,523,133.0,0.9225,261
23,DiGraph with 1187 nodes and 1046 edges,205,523.0,0.8449,261
24,DiGraph with 1126 nodes and 961 edges,35,205.0,0.9147,261
20,DiGraph with 900 nodes and 613 edges,267,,1.0,262
21,DiGraph with 641 nodes and 518 edges,145,267.0,0.815,262
22,DiGraph with 1763 nodes and 1537 edges,480,145.0,0.883,262
23,DiGraph with 1187 nodes and 1046 edges,135,480.0,0.8542,262
20,DiGraph with 900 nodes and 613 edges,268,,1.0,263
21,DiGraph with 641 nodes and 518 edges,75,268.0,0.9076,263
22,DiGraph with 1763 nodes and 1537 edges,293,75.0,0.9623,263
20,DiGraph with 900 nodes and 613 edges,269,,1.0,264
21,DiGraph with 641 nodes and 518 edges,28,269.0,0.9961,264
22,DiGraph with 1763 nodes and 1537 edges,363,28.0,0.9986,264
20,DiGraph with 900 nodes and 613 edges,270,,1.0,265
20,DiGraph with 900 nodes and 613 edges,271,,1.0,266
20,DiGraph with 900 nodes and 613 edges,272,,1.0,267
21,DiGraph with 641 nodes and 518 edges,25,272.0,0.9063,267
20,DiGraph with 900 nodes and 613 edges,273,,1.0,268
20,DiGraph with 900 nodes and 613 edges,274,,1.0,269
20,DiGraph with 900 nodes and 613 edges,275,,1.0,270
21,DiGraph with 641 nodes and 518 edges,155,275.0,0.8522,270
22,DiGraph with 1763 nodes and 1537 edges,114,155.0,0.8409,270
20,DiGraph with 900 nodes and 613 edges,276,,1.0,271
20,DiGraph with 900 nodes and 613 edges,277,,1.0,272
21,DiGraph with 641 nodes and 518 edges,219,277.0,0.9008,272
22,DiGraph with 1763 nodes and 1537 edges,458,219.0,0.9316,272
20,DiGraph with 900 nodes and 613 edges,278,,1.0,273
21,DiGraph with 641 nodes and 518 edges,105,278.0,0.9738,273
22,DiGraph with 1763 nodes and 1537 edges,428,105.0,0.904,273
20,DiGraph with 900 nodes and 613 edges,279,,1.0,274
21,DiGraph with 641 nodes and 518 edges,214,279.0,0.9257,274
20,DiGraph with 900 nodes and 613 edges,280,,1.0,275
21,DiGraph with 641 nodes and 518 edges,49,280.0,0.9489,275
20,DiGraph with 900 nodes and 613 edges,281,,1.0,276
21,DiGraph with 641 nodes and 518 edges,55,281.0,0.9235,276
22,DiGraph with 1763 nodes and 1537 edges,215,55.0,0.9849,276
20,DiGraph with 900 nodes and 613 edges,282,,1.0,277
21,DiGraph with 641 nodes and 518 edges,3,282.0,0.8037,277
22,DiGraph with 1763 nodes and 1537 edges,378,3.0,0.8371,277
20,DiGraph with 900 nodes and 613 edges,283,,1.0,278
21,DiGraph with 641 nodes and 518 edges,63,283.0,0.9931,278
22,DiGraph with 1763 nodes and 1537 edges,196,63.0,0.9992,278
20,DiGraph with 900 nodes and 613 edges,284,,1.0,279
20,DiGraph with 900 nodes and 613 edges,285,,1.0,280
21,DiGraph with 641 nodes and 518 edges,93,285.0,0.8665,280
20,DiGraph with 900 nodes and 613 edges,286,,1.0,281
21,DiGraph with 641 nodes and 518 edges,154,286.0,0.9512,281
20,DiGraph with 900 nodes and 613 edges,287,,1.0,282
21,DiGraph with 641 nodes and 518 edges,234,287.0,0.6777,282
22,DiGraph with 1763 nodes and 1537 edges,292,234.0,0.999,282
20,DiGraph with 900 nodes and 613 edges,288,,1.0,283
21,DiGraph with 641 nodes and 518 edges,183,288.0,0.9115,283
22,DiGraph with 1763 nodes and 1537 edges,472,183.0,0.9374,283
23,DiGraph with 1187 nodes and 1046 edges,180,472.0,0.9829,283
24,DiGraph with 1126 nodes and 961 edges,224,180.0,0.9818,283
20,DiGraph with 900 nodes and 613 edges,289,,1.0,284
21,DiGraph with 641 nodes and 518 edges,22,289.0,0.9816,284
20,DiGraph with 900 nodes and 613 edges,290,,1.0,285
20,DiGraph with 900 nodes and 613 edges,291,,1.0,286
21,DiGraph with 641 nodes and 518 edges,185,291.0,0.9101,286
22,DiGraph with 1763 nodes and 1537 edges,305,185.0,0.971,286
20,DiGraph with 900 nodes and 613 edges,292,,1.0,287
21,DiGraph with 641 nodes and 518 edges,169,292.0,0.9876,287
22,DiGraph with 1763 nodes and 1537 edges,319,169.0,0.9984,287
20,DiGraph with 900 nodes and 613 edges,293,,1.0,288
21,DiGraph with 641 nodes and 518 edges,156,293.0,0.8133,288
20,DiGraph with 900 nodes and 613 edges,294,,1.0,289
20,DiGraph with 900 nodes and 613 edges,295,,1.0,290
21,DiGraph with 641 nodes and 518 edges,88,295.0,0.9975,290
22,DiGraph with 1763 nodes and 1537 edges,528,88.0,0.999,290
23,DiGraph with 1187 nodes and 1046 edges,119,528.0,0.9928,290
20,DiGraph with 900 nodes and 613 edges,296,,1.0,291
21,DiGraph with 641 nodes and 518 edges,136,296.0,0.9981,291
20,DiGraph with 900 nodes and 613 edges,297,,1.0,292
21,DiGraph with 641 nodes and 518 edges,74,297.0,0.9101,292
22,DiGraph with 1763 nodes and 1537 edges,296,74.0,0.9909,292
20,DiGraph with 900 nodes and 613 edges,298,,1.0,293
21,DiGraph with 641 nodes and 518 edges,200,298.0,0.7484,293
22,DiGraph with 1763 nodes and 1537 edges,185,200.0,0.8256,293
20,DiGraph with 900 nodes and 613 edges,299,,1.0,294
20,DiGraph with 900 nodes and 613 edges,300,,1.0,295
20,DiGraph with 900 nodes and 613 edges,301,,1.0,296
21,DiGraph with 641 nodes and 518 edges,224,301.0,0.958,296
22,DiGraph with 1763 nodes and 1537 edges,423,224.0,0.946,296
20,DiGraph with 900 nodes and 613 edges,302,,1.0,297
20,DiGraph with 900 nodes and 613 edges,303,,1.0,298
21,DiGraph with 641 nodes and 518 edges,222,303.0,0.9402,298
20,DiGraph with 900 nodes and 613 edges,304,,1.0,299
21,DiGraph with 641 nodes and 518 edges,230,304.0,0.6754,299
22,DiGraph with 1763 nodes and 1537 edges,44,230.0,0.973,299
20,DiGraph with 900 nodes and 613 edges,305,,1.0,300
21,DiGraph with 641 nodes and 518 edges,130,305.0,0.9528,300
22,DiGraph with 1763 nodes and 1537 edges,287,130.0,0.9569,300
20,DiGraph with 900 nodes and 613 edges,306,,1.0,301
21,DiGraph with 641 nodes and 518 edges,40,306.0,0.9219,301
22,DiGraph with 1763 nodes and 1537 edges,331,40.0,0.8853,301
20,DiGraph with 900 nodes and 613 edges,307,,1.0,302
21,DiGraph with 641 nodes and 518 edges,120,307.0,0.9002,302
20,DiGraph with 900 nodes and 613 edges,308,,1.0,303
21,DiGraph with 641 nodes and 518 edges,209,308.0,0.8132,303
22,DiGraph with 1763 nodes and 1537 edges,490,209.0,0.916,303
23,DiGraph with 1187 nodes and 1046 edges,190,490.0,0.8831,303
24,DiGraph with 1126 nodes and 961 edges,184,190.0,0.8531,303
20,DiGraph with 900 nodes and 613 edges,309,,1.0,304
21,DiGraph with 641 nodes and 518 edges,201,309.0,0.9672,304
22,DiGraph with 1763 nodes and 1537 edges,350,201.0,0.9251,304
23,DiGraph with 1187 nodes and 1046 edges,78,350.0,0.9303,304
20,DiGraph with 900 nodes and 613 edges,310,,1.0,305
20,DiGraph with 900 nodes and 613 edges,311,,1.0,306
20,DiGraph with 900 nodes and 613 edges,312,,1.0,307
21,DiGraph with 641 nodes and 518 edges,35,312.0,0.9284,307
20,DiGraph with 900 nodes and 613 edges,313,,1.0,308
21,DiGraph with 641 nodes and 518 edges,151,313.0,0.7901,308
20,DiGraph with 900 nodes and 613 edges,314,,1.0,309
21,DiGraph with 641 nodes and 518 edges,191,314.0,0.9734,309
22,DiGraph with 1763 nodes and 1537 edges,468,191.0,0.995,309
20,DiGraph with 900 nodes and 613 edges,315,,1.0,310
21,DiGraph with 641 nodes and 518 edges,135,315.0,0.9578,310
22,DiGraph with 1763 nodes and 1537 edges,336,135.0,0.805,310
20,DiGraph with 900 nodes and 613 edges,316,,1.0,311
21,DiGraph with 641 nodes and 518 edges,2,316.0,0.9503,311
20,DiGraph with 900 nodes and 613 edges,317,,1.0,312
21,DiGraph with 641 nodes and 518 edges,157,317.0,0.9951,312
22,DiGraph with 1763 nodes and 1537 edges,425,157.0,0.9952,312
20,DiGraph with 900 nodes and 613 edges,318,,1.0,313
20,DiGraph with 900 nodes and 613 edges,319,,1.0,314
21,DiGraph with 641 nodes and 518 edges,159,319.0,0.7919,314
22,DiGraph with 1763 nodes and 1537 edges,152,159.0,0.9795,314
23,DiGraph with 1187 nodes and 1046 edges,183,152.0,0.9616,314
24,DiGraph with 1126 nodes and 961 edges,163,183.0,0.9373,314
20,DiGraph with 900 nodes and 613 edges,320,,1.0,315
21,DiGraph with 641 nodes and 518 edges,81,320.0,0.9816,315
20,DiGraph with 900 nodes and 613 edges,321,,1.0,316
21,DiGraph with 641 nodes and 518 edges,168,321.0,0.9984,316
22,DiGraph with 1763 nodes and 1537 edges,449,168.0,0.9994,316
20,DiGraph with 900 nodes and 613 edges,322,,1.0,317
21,DiGraph with 641 nodes and 518 edges,144,322.0,0.8271,317
22,DiGraph with 1763 nodes and 1537 edges,344,144.0,0.7317,317
23,DiGraph with 1187 nodes and 1046 edges,112,344.0,0.9173,317
20,DiGraph with 900 nodes and 613 edges,323,,1.0,318
21,DiGraph with 641 nodes and 518 edges,178,323.0,0.9438,318
22,DiGraph with 1763 nodes and 1537 edges,463,178.0,0.8953,318
20,DiGraph with 900 nodes and 613 edges,324,,1.0,319
21,DiGraph with 641 nodes and 518 edges,72,324.0,0.986,319
22,DiGraph with 1763 nodes and 1537 edges,473,72.0,0.9993,319
20,DiGraph with 900 nodes and 613 edges,325,,1.0,320
21,DiGraph with 641 nodes and 518 edges,186,325.0,0.8899,320
22,DiGraph with 1763 nodes and 1537 edges,262,186.0,0.8893,320
20,DiGraph with 900 nodes and 613 edges,326,,1.0,321
21,DiGraph with 641 nodes and 518 edges,36,326.0,0.92,321
22,DiGraph with 1763 nodes and 1537 edges,244,36.0,0.9487,321
23,DiGraph with 1187 nodes and 1046 edges,45,244.0,0.9294,321
24,DiGraph with 1126 nodes and 961 edges,245,45.0,0.8916,321
20,DiGraph with 900 nodes and 613 edges,64,,1.0,322
21,DiGraph with 641 nodes and 518 edges,124,64.0,0.8306,322
22,DiGraph with 1763 nodes and 1537 edges,437,124.0,0.9381,322
20,DiGraph with 900 nodes and 613 edges,33,,1.0,323
21,DiGraph with 641 nodes and 518 edges,228,33.0,0.9279,323
22,DiGraph with 1763 nodes and 1537 edges,104,228.0,0.9385,323
23,DiGraph with 1187 nodes and 1046 edges,15,104.0,0.8935,323
20,DiGraph with 900 nodes and 613 edges,6,,1.0,324
21,DiGraph with 641 nodes and 518 edges,167,6.0,0.8428,324
20,DiGraph with 900 nodes and 613 edges,42,,1.0,325
21,DiGraph with 641 nodes and 518 edges,80,42.0,0.997,325
22,DiGraph with 1763 nodes and 1537 edges,393,80.0,0.9989,325
20,DiGraph with 900 nodes and 613 edges,74,,1.0,326
21,DiGraph with 641 nodes and 518 edges,211,74.0,0.9132,326
22,DiGraph with 1763 nodes and 1537 edges,516,211.0,0.926,326
21,DiGraph with 641 nodes and 518 edges,1,,1.0,327
21,DiGraph with 641 nodes and 518 edges,4,,1.0,328
21,DiGraph with 641 nodes and 518 edges,7,,1.0,329
21,DiGraph with 641 nodes and 518 edges,79,,1.0,330
22,DiGraph with 1763 nodes and 1537 edges,10,79.0,0.6946,330
23,DiGraph with 1187 nodes and 1046 edges,2,10.0,0.7752,330
21,DiGraph with 641 nodes and 518 edges,13,,1.0,331
22,DiGraph with 1763 nodes and 1537 edges,156,13.0,0.6623,331
21,DiGraph with 641 nodes and 518 edges,16,,1.0,332
22,DiGraph with 1763 nodes and 1537 edges,40,16.0,0.7641,332
21,DiGraph with 641 nodes and 518 edges,20,,1.0,333
22,DiGraph with 1763 nodes and 1537 edges,532,20.0,0.9225,333
23,DiGraph with 1187 nodes and 1046 edges,185,532.0,0.8195,333
24,DiGraph with 1126 nodes and 961 edges,173,185.0,0.8944,333
21,DiGraph with 641 nodes and 518 edges,23,,1.0,334
21,DiGraph with 641 nodes and 518 edges,33,,1.0,335
21,DiGraph with 641 nodes and 518 edges,37,,1.0,336
21,DiGraph with 641 nodes and 518 edges,38,,1.0,337
22,DiGraph with 1763 nodes and 1537 edges,278,38.0,0.9991,337
21,DiGraph with 641 nodes and 518 edges,42,,1.0,338
21,DiGraph with 641 nodes and 518 edges,43,,1.0,339
22,DiGraph with 1763 nodes and 1537 edges,347,43.0,0.8726,339
23,DiGraph with 1187 nodes and 1046 edges,160,347.0,0.7997,339
24,DiGraph with 1126 nodes and 961 edges,214,160.0,0.8983,339
21,DiGraph with 641 nodes and 518 edges,45,,1.0,340
21,DiGraph with 641 nodes and 518 edges,46,,1.0,341
21,DiGraph with 641 nodes and 518 edges,47,,1.0,342
22,DiGraph with 1763 nodes and 1537 edges,379,47.0,0.9244,342
21,DiGraph with 641 nodes and 518 edges,50,,1.0,343
21,DiGraph with 641 nodes and 518 edges,51,,1.0,344
21,DiGraph with 641 nodes and 518 edges,54,,1.0,345
21,DiGraph with 641 nodes and 518 edges,57,,1.0,346
21,DiGraph with 641 nodes and 518 edges,60,,1.0,347
21,DiGraph with 641 nodes and 518 edges,62,,1.0,348
21,DiGraph with 641 nodes and 518 edges,65,,1.0,349
22,DiGraph with 1763 nodes and 1537 edges,161,65.0,0.965,349
21,DiGraph with 641 nodes and 518 edges,66,,1.0,350
21,DiGraph with 641 nodes and 518 edges,77,,1.0,351
21,DiGraph with 641 nodes and 518 edges,78,,1.0,352
21,DiGraph with 641 nodes and 518 edges,82,,1.0,353
22,DiGraph with 1763 nodes and 1537 edges,84,82.0,0.6887,353
21,DiGraph with 641 nodes and 518 edges,83,,1.0,354
21,DiGraph with 641 nodes and 518 edges,90,,1.0,355
21,DiGraph with 641 nodes and 518 edges,97,,1.0,356
22,DiGraph with 1763 nodes and 1537 edges,155,97.0,0.8572,356
23,DiGraph with 1187 nodes and 1046 edges,19,155.0,0.8133,356
24,DiGraph with 1126 nodes and 961 edges,42,19.0,0.8511,356
21,DiGraph with 641 nodes and 518 edges,98,,1.0,357
22,DiGraph with 1763 nodes and 1537 edges,180,98.0,0.6678,357
21,DiGraph with 641 nodes and 518 edges,100,,1.0,358
22,DiGraph with 1763 nodes and 1537 edges,95,100.0,0.9375,358
21,DiGraph with 641 nodes and 518 edges,103,,1.0,359
21,DiGraph with 641 nodes and 518 edges,104,,1.0,360
21,DiGraph with 641 nodes and 518 edges,109,,1.0,361
22,DiGraph with 1763 nodes and 1537 edges,255,109.0,0.7203,361
23,DiGraph with 1187 nodes and 1046 edges,143,255.0,0.7988,361
24,DiGraph with 1126 nodes and 961 edges,94,143.0,0.818,361
21,DiGraph with 641 nodes and 518 edges,110,,1.0,362
21,DiGraph with 641 nodes and 518 edges,111,,1.0,363
21,DiGraph with 641 nodes and 518 edges,112,,1.0,364
21,DiGraph with 641 nodes and 518 edges,116,,1.0,365
21,DiGraph with 641 nodes and 518 edges,118,,1.0,366
22,DiGraph with 1763 nodes and 1537 edges,317,118.0,0.8614,366
21,DiGraph with 641 nodes and 518 edges,121,,1.0,367
21,DiGraph with 641 nodes and 518 edges,122,,1.0,368
21,DiGraph with 641 nodes and 518 edges,125,,1.0,369
22,DiGraph with 1763 nodes and 1537 edges,247,125.0,0.9117,369
21,DiGraph with 641 nodes and 518 edges,127,,1.0,370
22,DiGraph with 1763 nodes and 1537 edges,321,127.0,0.9946,370
21,DiGraph with 641 nodes and 518 edges,128,,1.0,371
21,DiGraph with 641 nodes and 518 edges,137,,1.0,372
21,DiGraph with 641 nodes and 518 edges,138,,1.0,373
21,DiGraph with 641 nodes and 518 edges,141,,1.0,374
22,DiGraph with 1763 nodes and 1537 edges,238,141.0,0.666,374
21,DiGraph with 641 nodes and 518 edges,143,,1.0,375
22,DiGraph with 1763 nodes and 1537 edges,130,143.0,0.971,375
21,DiGraph with 641 nodes and 518 edges,146,,1.0,376
22,DiGraph with 1763 nodes and 1537 edges,280,146.0,0.9947,376
23,DiGraph with 1187 nodes and 1046 edges,145,280.0,0.9984,376
21,DiGraph with 641 nodes and 518 edges,147,,1.0,377
21,DiGraph with 641 nodes and 518 edges,148,,1.0,378
22,DiGraph with 1763 nodes and 1537 edges,502,148.0,0.8946,378
21,DiGraph with 641 nodes and 518 edges,150,,1.0,379
22,DiGraph with 1763 nodes and 1537 edges,149,150.0,0.8043,379
21,DiGraph with 641 nodes and 518 edges,152,,1.0,380
22,DiGraph with 1763 nodes and 1537 edges,494,152.0,0.9712,380
23,DiGraph with 1187 nodes and 1046 edges,52,494.0,0.9991,380
21,DiGraph with 641 nodes and 518 edges,153,,1.0,381
22,DiGraph with 1763 nodes and 1537 edges,131,153.0,0.7599,381
23,DiGraph with 1187 nodes and 1046 edges,189,131.0,0.7818,381
24,DiGraph with 1126 nodes and 961 edges,19,189.0,0.8646,381
21,DiGraph with 641 nodes and 518 edges,158,,1.0,382
22,DiGraph with 1763 nodes and 1537 edges,534,158.0,0.7575,382
23,DiGraph with 1187 nodes and 1046 edges,154,534.0,0.841,382
21,DiGraph with 641 nodes and 518 edges,160,,1.0,383
22,DiGraph with 1763 nodes and 1537 edges,531,160.0,0.9429,383
23,DiGraph with 1187 nodes and 1046 edges,34,531.0,0.9697,383
24,DiGraph with 1126 nodes and 961 edges,109,34.0,0.8627,383
21,DiGraph with 641 nodes and 518 edges,164,,1.0,384
21,DiGraph with 641 nodes and 518 edges,166,,1.0,385
21,DiGraph with 641 nodes and 518 edges,172,,1.0,386
22,DiGraph with 1763 nodes and 1537 edges,242,172.0,0.9994,386
21,DiGraph with 641 nodes and 518 edges,175,,1.0,387
22,DiGraph with 1763 nodes and 1537 edges,443,175.0,0.8453,387
21,DiGraph with 641 nodes and 518 edges,176,,1.0,388
21,DiGraph with 641 nodes and 518 edges,179,,1.0,389
21,DiGraph with 641 nodes and 518 edges,182,,1.0,390
22,DiGraph with 1763 nodes and 1537 edges,308,182.0,0.8332,390
21,DiGraph with 641 nodes and 518 edges,188,,1.0,391
21,DiGraph with 641 nodes and 518 edges,190,,1.0,392
22,DiGraph with 1763 nodes and 1537 edges,517,190.0,0.857,392
23,DiGraph with 1187 nodes and 1046 edges,73,517.0,0.8977,392
21,DiGraph with 641 nodes and 518 edges,192,,1.0,393
22,DiGraph with 1763 nodes and 1537 edges,376,192.0,0.8032,393
21,DiGraph with 641 nodes and 518 edges,193,,1.0,394
22,DiGraph with 1763 nodes and 1537 edges,103,193.0,0.9985,394
21,DiGraph with 641 nodes and 518 edges,194,,1.0,395
22,DiGraph with 1763 nodes and 1537 edges,520,194.0,0.9024,395
21,DiGraph with 641 nodes and 518 edges,195,,1.0,396
22,DiGraph with 1763 nodes and 1537 edges,493,195.0,0.917,396
21,DiGraph with 641 nodes and 518 edges,196,,1.0,397
22,DiGraph with 1763 nodes and 1537 edges,380,196.0,0.954,397
21,DiGraph with 641 nodes and 518 edges,197,,1.0,398
22,DiGraph with 1763 nodes and 1537 edges,527,197.0,0.8851,398
21,DiGraph with 641 nodes and 518 edges,199,,1.0,399
22,DiGraph with 1763 nodes and 1537 edges,433,199.0,0.8419,399
21,DiGraph with 641 nodes and 518 edges,202,,1.0,400
21,DiGraph with 641 nodes and 518 edges,207,,1.0,401
22,DiGraph with 1763 nodes and 1537 edges,203,207.0,0.8181,401
21,DiGraph with 641 nodes and 518 edges,210,,1.0,402
22,DiGraph with 1763 nodes and 1537 edges,307,210.0,0.9996,402
21,DiGraph with 641 nodes and 518 edges,213,,1.0,403
21,DiGraph with 641 nodes and 518 edges,217,,1.0,404
22,DiGraph with 1763 nodes and 1537 edges,192,217.0,0.8656,404
21,DiGraph with 641 nodes and 518 edges,218,,1.0,405
21,DiGraph with 641 nodes and 518 edges,221,,1.0,406
22,DiGraph with 1763 nodes and 1537 edges,340,221.0,0.9878,406
21,DiGraph with 641 nodes and 518 edges,223,,1.0,407
22,DiGraph with 1763 nodes and 1537 edges,370,223.0,0.9917,407
21,DiGraph with 641 nodes and 518 edges,225,,1.0,408
22,DiGraph with 1763 nodes and 1537 edges,408,225.0,0.8657,408
21,DiGraph with 641 nodes and 518 edges,226,,1.0,409
22,DiGraph with 1763 nodes and 1537 edges,359,226.0,0.937,409
21,DiGraph with 641 nodes and 518 edges,227,,1.0,410
21,DiGraph with 641 nodes and 518 edges,229,,1.0,411
22,DiGraph with 1763 nodes and 1537 edges,170,229.0,0.9863,411
21,DiGraph with 641 nodes and 518 edges,236,,1.0,412
22,DiGraph with 1763 nodes and 1537 edges,436,236.0,0.9354,412
21,DiGraph with 641 nodes and 518 edges,6,,1.0,413
22,DiGraph with 1763 nodes and 1537 edges,525,6.0,0.9095,413
21,DiGraph with 641 nodes and 518 edges,8,,1.0,414
22,DiGraph with 1763 nodes and 1537 edges,424,8.0,0.8983,414
21,DiGraph with 641 nodes and 518 edges,106,,1.0,415
22,DiGraph with 1763 nodes and 1537 edges,354,106.0,0.8823,415
21,DiGraph with 641 nodes and 518 edges,84,,1.0,416
22,DiGraph with 1763 nodes and 1537 edges,168,84.0,0.9899,416
21,DiGraph with 641 nodes and 518 edges,24,,1.0,417
22,DiGraph with 1763 nodes and 1537 edges,75,24.0,0.976,417
21,DiGraph with 641 nodes and 518 edges,123,,1.0,418
22,DiGraph with 1763 nodes and 1537 edges,299,123.0,0.9858,418
22,DiGraph with 1763 nodes and 1537 edges,0,,1.0,419
22,DiGraph with 1763 nodes and 1537 edges,2,,1.0,420
23,DiGraph with 1187 nodes and 1046 edges,7,2.0,0.5619,420
22,DiGraph with 1763 nodes and 1537 edges,5,,1.0,421
22,DiGraph with 1763 nodes and 1537 edges,6,,1.0,422
22,DiGraph with 1763 nodes and 1537 edges,7,,1.0,423
22,DiGraph with 1763 nodes and 1537 edges,8,,1.0,424
22,DiGraph with 1763 nodes and 1537 edges,11,,1.0,425
22,DiGraph with 1763 nodes and 1537 edges,12,,1.0,426
22,DiGraph with 1763 nodes and 1537 edges,13,,1.0,427
22,DiGraph with 1763 nodes and 1537 edges,14,,1.0,428
22,DiGraph with 1763 nodes and 1537 edges,15,,1.0,429
22,DiGraph with 1763 nodes and 1537 edges,16,,1.0,430
22,DiGraph with 1763 nodes and 1537 edges,17,,1.0,431
22,DiGraph with 1763 nodes and 1537 edges,19,,1.0,432
22,DiGraph with 1763 nodes and 1537 edges,21,,1.0,433
22,DiGraph with 1763 nodes and 1537 edges,22,,1.0,434
22,DiGraph with 1763 nodes and 1537 edges,23,,1.0,435
22,DiGraph with 1763 nodes and 1537 edges,26,,1.0,436
22,DiGraph with 1763 nodes and 1537 edges,27,,1.0,437
22,DiGraph with 1763 nodes and 1537 edges,28,,1.0,438
22,DiGraph with 1763 nodes and 1537 edges,29,,1.0,439
22,DiGraph with 1763 nodes and 1537 edges,30,,1.0,440
22,DiGraph with 1763 nodes and 1537 edges,31,,1.0,441
22,DiGraph with 1763 nodes and 1537 edges,32,,1.0,442
23,DiGraph with 1187 nodes and 1046 edges,43,32.0,0.622,442
24,DiGraph with 1126 nodes and 961 edges,182,43.0,0.9076,442
22,DiGraph with 1763 nodes and 1537 edges,33,,1.0,443
22,DiGraph with 1763 nodes and 1537 edges,34,,1.0,444
22,DiGraph with 1763 nodes and 1537 edges,35,,1.0,445
22,DiGraph with 1763 nodes and 1537 edges,38,,1.0,446
22,DiGraph with 1763 nodes and 1537 edges,39,,1.0,447
22,DiGraph with 1763 nodes and 1537 edges,41,,1.0,448
22,DiGraph with 1763 nodes and 1537 edges,42,,1.0,449
23,DiGraph with 1187 nodes and 1046 edges,10,42.0,0.9122,449
22,DiGraph with 1763 nodes and 1537 edges,43,,1.0,450
22,DiGraph with 1763 nodes and 1537 edges,45,,1.0,451
22,DiGraph with 1763 nodes and 1537 edges,46,,1.0,452
22,DiGraph with 1763 nodes and 1537 edges,47,,1.0,453
22,DiGraph with 1763 nodes and 1537 edges,50,,1.0,454
23,DiGraph with 1187 nodes and 1046 edges,181,50.0,0.7211,454
22,DiGraph with 1763 nodes and 1537 edges,51,,1.0,455
22,DiGraph with 1763 nodes and 1537 edges,52,,1.0,456
22,DiGraph with 1763 nodes and 1537 edges,53,,1.0,457
22,DiGraph with 1763 nodes and 1537 edges,54,,1.0,458
22,DiGraph with 1763 nodes and 1537 edges,55,,1.0,459
22,DiGraph with 1763 nodes and 1537 edges,56,,1.0,460
22,DiGraph with 1763 nodes and 1537 edges,58,,1.0,461
22,DiGraph with 1763 nodes and 1537 edges,59,,1.0,462
23,DiGraph with 1187 nodes and 1046 edges,61,59.0,0.89,462
24,DiGraph with 1126 nodes and 961 edges,198,61.0,0.9001,462
22,DiGraph with 1763 nodes and 1537 edges,60,,1.0,463
22,DiGraph with 1763 nodes and 1537 edges,61,,1.0,464
22,DiGraph with 1763 nodes and 1537 edges,62,,1.0,465
22,DiGraph with 1763 nodes and 1537 edges,63,,1.0,466
22,DiGraph with 1763 nodes and 1537 edges,64,,1.0,467
22,DiGraph with 1763 nodes and 1537 edges,65,,1.0,468
22,DiGraph with 1763 nodes and 1537 edges,66,,1.0,469
22,DiGraph with 1763 nodes and 1537 edges,67,,1.0,470
22,DiGraph with 1763 nodes and 1537 edges,69,,1.0,471
22,DiGraph with 1763 nodes and 1537 edges,70,,1.0,472
22,DiGraph with 1763 nodes and 1537 edges,71,,1.0,473
22,DiGraph with 1763 nodes and 1537 edges,72,,1.0,474
22,DiGraph with 1763 nodes and 1537 edges,73,,1.0,475
22,DiGraph with 1763 nodes and 1537 edges,76,,1.0,476
22,DiGraph with 1763 nodes and 1537 edges,77,,1.0,477
23,DiGraph with 1187 nodes and 1046 edges,56,77.0,0.7906,477
22,DiGraph with 1763 nodes and 1537 edges,78,,1.0,478
22,DiGraph with 1763 nodes and 1537 edges,79,,1.0,479
22,DiGraph with 1763 nodes and 1537 edges,80,,1.0,480
22,DiGraph with 1763 nodes and 1537 edges,81,,1.0,481
22,DiGraph with 1763 nodes and 1537 edges,82,,1.0,482
22,DiGraph with 1763 nodes and 1537 edges,83,,1.0,483
22,DiGraph with 1763 nodes and 1537 edges,85,,1.0,484
22,DiGraph with 1763 nodes and 1537 edges,86,,1.0,485
22,DiGraph with 1763 nodes and 1537 edges,87,,1.0,486
22,DiGraph with 1763 nodes and 1537 edges,88,,1.0,487
22,DiGraph with 1763 nodes and 1537 edges,89,,1.0,488
22,DiGraph with 1763 nodes and 1537 edges,90,,1.0,489
22,DiGraph with 1763 nodes and 1537 edges,91,,1.0,490
23,DiGraph with 1187 nodes and 1046 edges,113,91.0,0.8741,490
24,DiGraph with 1126 nodes and 961 edges,179,113.0,0.8928,490
22,DiGraph with 1763 nodes and 1537 edges,92,,1.0,491
23,DiGraph with 1187 nodes and 1046 edges,50,92.0,0.867,491
24,DiGraph with 1126 nodes and 961 edges,33,50.0,0.9472,491
22,DiGraph with 1763 nodes and 1537 edges,93,,1.0,492
22,DiGraph with 1763 nodes and 1537 edges,94,,1.0,493
22,DiGraph with 1763 nodes and 1537 edges,96,,1.0,494
22,DiGraph with 1763 nodes and 1537 edges,97,,1.0,495
22,DiGraph with 1763 nodes and 1537 edges,98,,1.0,496
22,DiGraph with 1763 nodes and 1537 edges,99,,1.0,497
22,DiGraph with 1763 nodes and 1537 edges,100,,1.0,498
22,DiGraph with 1763 nodes and 1537 edges,101,,1.0,499
22,DiGraph with 1763 nodes and 1537 edges,105,,1.0,500
22,DiGraph with 1763 nodes and 1537 edges,106,,1.0,501
22,DiGraph with 1763 nodes and 1537 edges,107,,1.0,502
22,DiGraph with 1763 nodes and 1537 edges,108,,1.0,503
22,DiGraph with 1763 nodes and 1537 edges,110,,1.0,504
22,DiGraph with 1763 nodes and 1537 edges,111,,1.0,505
22,DiGraph with 1763 nodes and 1537 edges,112,,1.0,506
22,DiGraph with 1763 nodes and 1537 edges,113,,1.0,507
22,DiGraph with 1763 nodes and 1537 edges,115,,1.0,508
22,DiGraph with 1763 nodes and 1537 edges,116,,1.0,509
22,DiGraph with 1763 nodes and 1537 edges,117,,1.0,510
22,DiGraph with 1763 nodes and 1537 edges,119,,1.0,511
22,DiGraph with 1763 nodes and 1537 edges,120,,1.0,512
22,DiGraph with 1763 nodes and 1537 edges,122,,1.0,513
22,DiGraph with 1763 nodes and 1537 edges,123,,1.0,514
22,DiGraph with 1763 nodes and 1537 edges,124,,1.0,515
22,DiGraph with 1763 nodes and 1537 edges,125,,1.0,516
22,DiGraph with 1763 nodes and 1537 edges,126,,1.0,517
23,DiGraph with 1187 nodes and 1046 edges,106,126.0,0.8832,517
24,DiGraph with 1126 nodes and 961 edges,7,106.0,0.8225,517
22,DiGraph with 1763 nodes and 1537 edges,127,,1.0,518
22,DiGraph with 1763 nodes and 1537 edges,129,,1.0,519
22,DiGraph with 1763 nodes and 1537 edges,132,,1.0,520
22,DiGraph with 1763 nodes and 1537 edges,133,,1.0,521
22,DiGraph with 1763 nodes and 1537 edges,134,,1.0,522
22,DiGraph with 1763 nodes and 1537 edges,135,,1.0,523
22,DiGraph with 1763 nodes and 1537 edges,136,,1.0,524
23,DiGraph with 1187 nodes and 1046 edges,11,136.0,0.8459,524
22,DiGraph with 1763 nodes and 1537 edges,139,,1.0,525
22,DiGraph with 1763 nodes and 1537 edges,140,,1.0,526
22,DiGraph with 1763 nodes and 1537 edges,141,,1.0,527
22,DiGraph with 1763 nodes and 1537 edges,142,,1.0,528
22,DiGraph with 1763 nodes and 1537 edges,143,,1.0,529
22,DiGraph with 1763 nodes and 1537 edges,144,,1.0,530
22,DiGraph with 1763 nodes and 1537 edges,146,,1.0,531
23,DiGraph with 1187 nodes and 1046 edges,35,146.0,0.8463,531
22,DiGraph with 1763 nodes and 1537 edges,147,,1.0,532
23,DiGraph with 1187 nodes and 1046 edges,167,147.0,0.83,532
22,DiGraph with 1763 nodes and 1537 edges,148,,1.0,533
22,DiGraph with 1763 nodes and 1537 edges,150,,1.0,534
23,DiGraph with 1187 nodes and 1046 edges,8,150.0,0.8341,534
22,DiGraph with 1763 nodes and 1537 edges,151,,1.0,535
22,DiGraph with 1763 nodes and 1537 edges,153,,1.0,536
22,DiGraph with 1763 nodes and 1537 edges,154,,1.0,537
22,DiGraph with 1763 nodes and 1537 edges,157,,1.0,538
22,DiGraph with 1763 nodes and 1537 edges,158,,1.0,539
23,DiGraph with 1187 nodes and 1046 edges,165,158.0,0.8943,539
24,DiGraph with 1126 nodes and 961 edges,121,165.0,0.8967,539
22,DiGraph with 1763 nodes and 1537 edges,162,,1.0,540
22,DiGraph with 1763 nodes and 1537 edges,163,,1.0,541
22,DiGraph with 1763 nodes and 1537 edges,164,,1.0,542
22,DiGraph with 1763 nodes and 1537 edges,165,,1.0,543
22,DiGraph with 1763 nodes and 1537 edges,166,,1.0,544
22,DiGraph with 1763 nodes and 1537 edges,167,,1.0,545
22,DiGraph with 1763 nodes and 1537 edges,169,,1.0,546
22,DiGraph with 1763 nodes and 1537 edges,171,,1.0,547
22,DiGraph with 1763 nodes and 1537 edges,172,,1.0,548
22,DiGraph with 1763 nodes and 1537 edges,173,,1.0,549
22,DiGraph with 1763 nodes and 1537 edges,174,,1.0,550
22,DiGraph with 1763 nodes and 1537 edges,175,,1.0,551
22,DiGraph with 1763 nodes and 1537 edges,176,,1.0,552
22,DiGraph with 1763 nodes and 1537 edges,177,,1.0,553
22,DiGraph with 1763 nodes and 1537 edges,178,,1.0,554
22,DiGraph with 1763 nodes and 1537 edges,179,,1.0,555
22,DiGraph with 1763 nodes and 1537 edges,181,,1.0,556
22,DiGraph with 1763 nodes and 1537 edges,182,,1.0,557
22,DiGraph with 1763 nodes and 1537 edges,183,,1.0,558
22,DiGraph with 1763 nodes and 1537 edges,184,,1.0,559
22,DiGraph with 1763 nodes and 1537 edges,186,,1.0,560
22,DiGraph with 1763 nodes and 1537 edges,187,,1.0,561
22,DiGraph with 1763 nodes and 1537 edges,188,,1.0,562
22,DiGraph with 1763 nodes and 1537 edges,189,,1.0,563
22,DiGraph with 1763 nodes and 1537 edges,190,,1.0,564
22,DiGraph with 1763 nodes and 1537 edges,191,,1.0,565
22,DiGraph with 1763 nodes and 1537 edges,193,,1.0,566
22,DiGraph with 1763 nodes and 1537 edges,194,,1.0,567
22,DiGraph with 1763 nodes and 1537 edges,197,,1.0,568
22,DiGraph with 1763 nodes and 1537 edges,198,,1.0,569
22,DiGraph with 1763 nodes and 1537 edges,199,,1.0,570
22,DiGraph with 1763 nodes and 1537 edges,200,,1.0,571
22,DiGraph with 1763 nodes and 1537 edges,202,,1.0,572
22,DiGraph with 1763 nodes and 1537 edges,204,,1.0,573
22,DiGraph with 1763 nodes and 1537 edges,205,,1.0,574
23,DiGraph with 1187 nodes and 1046 edges,20,205.0,0.701,574
22,DiGraph with 1763 nodes and 1537 edges,206,,1.0,575
22,DiGraph with 1763 nodes and 1537 edges,207,,1.0,576
22,DiGraph with 1763 nodes and 1537 edges,209,,1.0,577
22,DiGraph with 1763 nodes and 1537 edges,211,,1.0,578
22,DiGraph with 1763 nodes and 1537 edges,212,,1.0,579
22,DiGraph with 1763 nodes and 1537 edges,213,,1.0,580
22,DiGraph with 1763 nodes and 1537 edges,214,,1.0,581
22,DiGraph with 1763 nodes and 1537 edges,216,,1.0,582
23,DiGraph with 1187 nodes and 1046 edges,62,216.0,0.9366,582
22,DiGraph with 1763 nodes and 1537 edges,218,,1.0,583
22,DiGraph with 1763 nodes and 1537 edges,220,,1.0,584
22,DiGraph with 1763 nodes and 1537 edges,221,,1.0,585
23,DiGraph with 1187 nodes and 1046 edges,114,221.0,0.7663,585
22,DiGraph with 1763 nodes and 1537 edges,222,,1.0,586
22,DiGraph with 1763 nodes and 1537 edges,223,,1.0,587
22,DiGraph with 1763 nodes and 1537 edges,225,,1.0,588
23,DiGraph with 1187 nodes and 1046 edges,86,225.0,0.5977,588
24,DiGraph with 1126 nodes and 961 edges,160,86.0,0.7881,588
22,DiGraph with 1763 nodes and 1537 edges,226,,1.0,589
22,DiGraph with 1763 nodes and 1537 edges,228,,1.0,590
22,DiGraph with 1763 nodes and 1537 edges,229,,1.0,591
22,DiGraph with 1763 nodes and 1537 edges,230,,1.0,592
23,DiGraph with 1187 nodes and 1046 edges,66,230.0,0.8695,592
22,DiGraph with 1763 nodes and 1537 edges,231,,1.0,593
22,DiGraph with 1763 nodes and 1537 edges,232,,1.0,594
22,DiGraph with 1763 nodes and 1537 edges,234,,1.0,595
23,DiGraph with 1187 nodes and 1046 edges,203,234.0,0.973,595
24,DiGraph with 1126 nodes and 961 edges,205,203.0,0.9571,595
22,DiGraph with 1763 nodes and 1537 edges,236,,1.0,596
22,DiGraph with 1763 nodes and 1537 edges,237,,1.0,597
22,DiGraph with 1763 nodes and 1537 edges,239,,1.0,598
23,DiGraph with 1187 nodes and 1046 edges,152,239.0,0.8188,598
22,DiGraph with 1763 nodes and 1537 edges,240,,1.0,599
22,DiGraph with 1763 nodes and 1537 edges,241,,1.0,600
22,DiGraph with 1763 nodes and 1537 edges,243,,1.0,601
23,DiGraph with 1187 nodes and 1046 edges,122,243.0,0.653,601
24,DiGraph with 1126 nodes and 961 edges,146,122.0,0.7949,601
22,DiGraph with 1763 nodes and 1537 edges,245,,1.0,602
23,DiGraph with 1187 nodes and 1046 edges,32,245.0,0.9289,602
24,DiGraph with 1126 nodes and 961 edges,247,32.0,0.7666,602
22,DiGraph with 1763 nodes and 1537 edges,246,,1.0,603
22,DiGraph with 1763 nodes and 1537 edges,248,,1.0,604
22,DiGraph with 1763 nodes and 1537 edges,249,,1.0,605
22,DiGraph with 1763 nodes and 1537 edges,250,,1.0,606
22,DiGraph with 1763 nodes and 1537 edges,251,,1.0,607
22,DiGraph with 1763 nodes and 1537 edges,252,,1.0,608
22,DiGraph with 1763 nodes and 1537 edges,253,,1.0,609
22,DiGraph with 1763 nodes and 1537 edges,254,,1.0,610
22,DiGraph with 1763 nodes and 1537 edges,256,,1.0,611
22,DiGraph with 1763 nodes and 1537 edges,257,,1.0,612
22,DiGraph with 1763 nodes and 1537 edges,258,,1.0,613
22,DiGraph with 1763 nodes and 1537 edges,259,,1.0,614
22,DiGraph with 1763 nodes and 1537 edges,260,,1.0,615
22,DiGraph with 1763 nodes and 1537 edges,261,,1.0,616
22,DiGraph with 1763 nodes and 1537 edges,263,,1.0,617
22,DiGraph with 1763 nodes and 1537 edges,264,,1.0,618
22,DiGraph with 1763 nodes and 1537 edges,265,,1.0,619
23,DiGraph with 1187 nodes and 1046 edges,166,265.0,0.8167,619
24,DiGraph with 1126 nodes and 961 edges,106,166.0,0.8065,619
22,DiGraph with 1763 nodes and 1537 edges,266,,1.0,620
22,DiGraph with 1763 nodes and 1537 edges,267,,1.0,621
22,DiGraph with 1763 nodes and 1537 edges,268,,1.0,622
22,DiGraph with 1763 nodes and 1537 edges,269,,1.0,623
22,DiGraph with 1763 nodes and 1537 edges,270,,1.0,624
22,DiGraph with 1763 nodes and 1537 edges,271,,1.0,625
23,DiGraph with 1187 nodes and 1046 edges,72,271.0,0.7012,625
22,DiGraph with 1763 nodes and 1537 edges,273,,1.0,626
22,DiGraph with 1763 nodes and 1537 edges,274,,1.0,627
22,DiGraph with 1763 nodes and 1537 edges,275,,1.0,628
22,DiGraph with 1763 nodes and 1537 edges,276,,1.0,629
22,DiGraph with 1763 nodes and 1537 edges,277,,1.0,630
22,DiGraph with 1763 nodes and 1537 edges,279,,1.0,631
22,DiGraph with 1763 nodes and 1537 edges,281,,1.0,632
23,DiGraph with 1187 nodes and 1046 edges,74,281.0,0.8573,632
24,DiGraph with 1126 nodes and 961 edges,53,74.0,0.9036,632
22,DiGraph with 1763 nodes and 1537 edges,283,,1.0,633
22,DiGraph with 1763 nodes and 1537 edges,284,,1.0,634
22,DiGraph with 1763 nodes and 1537 edges,285,,1.0,635
22,DiGraph with 1763 nodes and 1537 edges,286,,1.0,636
23,DiGraph with 1187 nodes and 1046 edges,85,286.0,0.855,636
24,DiGraph with 1126 nodes and 961 edges,67,85.0,0.8688,636
22,DiGraph with 1763 nodes and 1537 edges,288,,1.0,637
22,DiGraph with 1763 nodes and 1537 edges,289,,1.0,638
22,DiGraph with 1763 nodes and 1537 edges,290,,1.0,639
23,DiGraph with 1187 nodes and 1046 edges,89,290.0,0.6877,639
24,DiGraph with 1126 nodes and 961 edges,80,89.0,0.7522,639
22,DiGraph with 1763 nodes and 1537 edges,291,,1.0,640
22,DiGraph with 1763 nodes and 1537 edges,294,,1.0,641
22,DiGraph with 1763 nodes and 1537 edges,295,,1.0,642
22,DiGraph with 1763 nodes and 1537 edges,297,,1.0,643
22,DiGraph with 1763 nodes and 1537 edges,298,,1.0,644
22,DiGraph with 1763 nodes and 1537 edges,300,,1.0,645
22,DiGraph with 1763 nodes and 1537 edges,301,,1.0,646
22,DiGraph with 1763 nodes and 1537 edges,303,,1.0,647
22,DiGraph with 1763 nodes and 1537 edges,304,,1.0,648
22,DiGraph with 1763 nodes and 1537 edges,306,,1.0,649
22,DiGraph with 1763 nodes and 1537 edges,309,,1.0,650
22,DiGraph with 1763 nodes and 1537 edges,310,,1.0,651
22,DiGraph with 1763 nodes and 1537 edges,311,,1.0,652
22,DiGraph with 1763 nodes and 1537 edges,312,,1.0,653
22,DiGraph with 1763 nodes and 1537 edges,313,,1.0,654
23,DiGraph with 1187 nodes and 1046 edges,125,313.0,0.8905,654
22,DiGraph with 1763 nodes and 1537 edges,314,,1.0,655
22,DiGraph with 1763 nodes and 1537 edges,315,,1.0,656
23,DiGraph with 1187 nodes and 1046 edges,116,315.0,0.6758,656
22,DiGraph with 1763 nodes and 1537 edges,320,,1.0,657
23,DiGraph with 1187 nodes and 1046 edges,164,320.0,0.8166,657
24,DiGraph with 1126 nodes and 961 edges,15,164.0,0.8517,657
22,DiGraph with 1763 nodes and 1537 edges,322,,1.0,658
22,DiGraph with 1763 nodes and 1537 edges,323,,1.0,659
22,DiGraph with 1763 nodes and 1537 edges,324,,1.0,660
22,DiGraph with 1763 nodes and 1537 edges,325,,1.0,661
22,DiGraph with 1763 nodes and 1537 edges,326,,1.0,662
23,DiGraph with 1187 nodes and 1046 edges,147,326.0,0.8849,662
22,DiGraph with 1763 nodes and 1537 edges,327,,1.0,663
22,DiGraph with 1763 nodes and 1537 edges,328,,1.0,664
22,DiGraph with 1763 nodes and 1537 edges,329,,1.0,665
22,DiGraph with 1763 nodes and 1537 edges,332,,1.0,666
22,DiGraph with 1763 nodes and 1537 edges,333,,1.0,667
22,DiGraph with 1763 nodes and 1537 edges,334,,1.0,668
22,DiGraph with 1763 nodes and 1537 edges,335,,1.0,669
22,DiGraph with 1763 nodes and 1537 edges,337,,1.0,670
23,DiGraph with 1187 nodes and 1046 edges,168,337.0,0.8061,670
24,DiGraph with 1126 nodes and 961 edges,128,168.0,0.8145,670
22,DiGraph with 1763 nodes and 1537 edges,338,,1.0,671
23,DiGraph with 1187 nodes and 1046 edges,16,338.0,0.9375,671
22,DiGraph with 1763 nodes and 1537 edges,339,,1.0,672
22,DiGraph with 1763 nodes and 1537 edges,342,,1.0,673
22,DiGraph with 1763 nodes and 1537 edges,343,,1.0,674
22,DiGraph with 1763 nodes and 1537 edges,345,,1.0,675
22,DiGraph with 1763 nodes and 1537 edges,346,,1.0,676
22,DiGraph with 1763 nodes and 1537 edges,349,,1.0,677
22,DiGraph with 1763 nodes and 1537 edges,352,,1.0,678
22,DiGraph with 1763 nodes and 1537 edges,356,,1.0,679
22,DiGraph with 1763 nodes and 1537 edges,357,,1.0,680
22,DiGraph with 1763 nodes and 1537 edges,358,,1.0,681
22,DiGraph with 1763 nodes and 1537 edges,360,,1.0,682
22,DiGraph with 1763 nodes and 1537 edges,361,,1.0,683
22,DiGraph with 1763 nodes and 1537 edges,362,,1.0,684
22,DiGraph with 1763 nodes and 1537 edges,364,,1.0,685
23,DiGraph with 1187 nodes and 1046 edges,123,364.0,0.8682,685
22,DiGraph with 1763 nodes and 1537 edges,365,,1.0,686
23,DiGraph with 1187 nodes and 1046 edges,182,365.0,0.9459,686
22,DiGraph with 1763 nodes and 1537 edges,366,,1.0,687
23,DiGraph with 1187 nodes and 1046 edges,193,366.0,0.8536,687
24,DiGraph with 1126 nodes and 961 edges,59,193.0,0.8239,687
22,DiGraph with 1763 nodes and 1537 edges,367,,1.0,688
22,DiGraph with 1763 nodes and 1537 edges,368,,1.0,689
23,DiGraph with 1187 nodes and 1046 edges,88,368.0,0.7958,689
24,DiGraph with 1126 nodes and 961 edges,76,88.0,0.7761,689
22,DiGraph with 1763 nodes and 1537 edges,369,,1.0,690
22,DiGraph with 1763 nodes and 1537 edges,371,,1.0,691
22,DiGraph with 1763 nodes and 1537 edges,372,,1.0,692
23,DiGraph with 1187 nodes and 1046 edges,179,372.0,0.8157,692
24,DiGraph with 1126 nodes and 961 edges,103,179.0,0.8314,692
22,DiGraph with 1763 nodes and 1537 edges,373,,1.0,693
22,DiGraph with 1763 nodes and 1537 edges,374,,1.0,694
22,DiGraph with 1763 nodes and 1537 edges,377,,1.0,695
22,DiGraph with 1763 nodes and 1537 edges,381,,1.0,696
23,DiGraph with 1187 nodes and 1046 edges,127,381.0,0.7647,696
22,DiGraph with 1763 nodes and 1537 edges,382,,1.0,697
22,DiGraph with 1763 nodes and 1537 edges,383,,1.0,698
22,DiGraph with 1763 nodes and 1537 edges,384,,1.0,699
22,DiGraph with 1763 nodes and 1537 edges,385,,1.0,700
22,DiGraph with 1763 nodes and 1537 edges,386,,1.0,701
23,DiGraph with 1187 nodes and 1046 edges,188,386.0,0.8539,701
22,DiGraph with 1763 nodes and 1537 edges,387,,1.0,702
22,DiGraph with 1763 nodes and 1537 edges,389,,1.0,703
23,DiGraph with 1187 nodes and 1046 edges,103,389.0,0.8582,703
22,DiGraph with 1763 nodes and 1537 edges,390,,1.0,704
22,DiGraph with 1763 nodes and 1537 edges,391,,1.0,705
22,DiGraph with 1763 nodes and 1537 edges,392,,1.0,706
22,DiGraph with 1763 nodes and 1537 edges,394,,1.0,707
22,DiGraph with 1763 nodes and 1537 edges,395,,1.0,708
23,DiGraph with 1187 nodes and 1046 edges,108,395.0,0.7744,708
24,DiGraph with 1126 nodes and 961 edges,92,108.0,0.7429,708
22,DiGraph with 1763 nodes and 1537 edges,397,,1.0,709
22,DiGraph with 1763 nodes and 1537 edges,398,,1.0,710
22,DiGraph with 1763 nodes and 1537 edges,400,,1.0,711
22,DiGraph with 1763 nodes and 1537 edges,401,,1.0,712
22,DiGraph with 1763 nodes and 1537 edges,402,,1.0,713
22,DiGraph with 1763 nodes and 1537 edges,403,,1.0,714
22,DiGraph with 1763 nodes and 1537 edges,404,,1.0,715
22,DiGraph with 1763 nodes and 1537 edges,405,,1.0,716
22,DiGraph with 1763 nodes and 1537 edges,406,,1.0,717
22,DiGraph with 1763 nodes and 1537 edges,407,,1.0,718
22,DiGraph with 1763 nodes and 1537 edges,409,,1.0,719
23,DiGraph with 1187 nodes and 1046 edges,155,409.0,0.8406,719
22,DiGraph with 1763 nodes and 1537 edges,412,,1.0,720
22,DiGraph with 1763 nodes and 1537 edges,413,,1.0,721
23,DiGraph with 1187 nodes and 1046 edges,136,413.0,0.8043,721
22,DiGraph with 1763 nodes and 1537 edges,414,,1.0,722
23,DiGraph with 1187 nodes and 1046 edges,184,414.0,0.9919,722
24,DiGraph with 1126 nodes and 961 edges,50,184.0,0.9194,722
22,DiGraph with 1763 nodes and 1537 edges,415,,1.0,723
22,DiGraph with 1763 nodes and 1537 edges,416,,1.0,724
23,DiGraph with 1187 nodes and 1046 edges,133,416.0,0.8928,724
22,DiGraph with 1763 nodes and 1537 edges,417,,1.0,725
22,DiGraph with 1763 nodes and 1537 edges,420,,1.0,726
23,DiGraph with 1187 nodes and 1046 edges,110,420.0,0.9592,726
22,DiGraph with 1763 nodes and 1537 edges,421,,1.0,727
23,DiGraph with 1187 nodes and 1046 edges,95,421.0,0.7472,727
22,DiGraph with 1763 nodes and 1537 edges,422,,1.0,728
22,DiGraph with 1763 nodes and 1537 edges,427,,1.0,729
23,DiGraph with 1187 nodes and 1046 edges,3,427.0,0.7486,729
24,DiGraph with 1126 nodes and 961 edges,158,3.0,0.8759,729
22,DiGraph with 1763 nodes and 1537 edges,429,,1.0,730
22,DiGraph with 1763 nodes and 1537 edges,430,,1.0,731
23,DiGraph with 1187 nodes and 1046 edges,55,430.0,0.6933,731
22,DiGraph with 1763 nodes and 1537 edges,431,,1.0,732
22,DiGraph with 1763 nodes and 1537 edges,432,,1.0,733
22,DiGraph with 1763 nodes and 1537 edges,434,,1.0,734
22,DiGraph with 1763 nodes and 1537 edges,435,,1.0,735
22,DiGraph with 1763 nodes and 1537 edges,438,,1.0,736
23,DiGraph with 1187 nodes and 1046 edges,111,438.0,0.7178,736
22,DiGraph with 1763 nodes and 1537 edges,439,,1.0,737
23,DiGraph with 1187 nodes and 1046 edges,13,439.0,0.9289,737
24,DiGraph with 1126 nodes and 961 edges,171,13.0,0.9682,737
22,DiGraph with 1763 nodes and 1537 edges,440,,1.0,738
22,DiGraph with 1763 nodes and 1537 edges,441,,1.0,739
22,DiGraph with 1763 nodes and 1537 edges,442,,1.0,740
22,DiGraph with 1763 nodes and 1537 edges,444,,1.0,741
23,DiGraph with 1187 nodes and 1046 edges,201,444.0,0.7536,741
24,DiGraph with 1126 nodes and 961 edges,95,201.0,0.7213,741
22,DiGraph with 1763 nodes and 1537 edges,445,,1.0,742
23,DiGraph with 1187 nodes and 1046 edges,31,445.0,0.9685,742
24,DiGraph with 1126 nodes and 961 edges,215,31.0,0.8645,742
22,DiGraph with 1763 nodes and 1537 edges,446,,1.0,743
22,DiGraph with 1763 nodes and 1537 edges,447,,1.0,744
22,DiGraph with 1763 nodes and 1537 edges,448,,1.0,745
23,DiGraph with 1187 nodes and 1046 edges,129,448.0,0.8633,745
24,DiGraph with 1126 nodes and 961 edges,90,129.0,0.9344,745
22,DiGraph with 1763 nodes and 1537 edges,450,,1.0,746
23,DiGraph with 1187 nodes and 1046 edges,151,450.0,0.9348,746
22,DiGraph with 1763 nodes and 1537 edges,451,,1.0,747
22,DiGraph with 1763 nodes and 1537 edges,452,,1.0,748
22,DiGraph with 1763 nodes and 1537 edges,453,,1.0,749
23,DiGraph with 1187 nodes and 1046 edges,105,453.0,0.8639,749
22,DiGraph with 1763 nodes and 1537 edges,454,,1.0,750
22,DiGraph with 1763 nodes and 1537 edges,456,,1.0,751
22,DiGraph with 1763 nodes and 1537 edges,461,,1.0,752
22,DiGraph with 1763 nodes and 1537 edges,462,,1.0,753
23,DiGraph with 1187 nodes and 1046 edges,77,462.0,0.9448,753
22,DiGraph with 1763 nodes and 1537 edges,464,,1.0,754
23,DiGraph with 1187 nodes and 1046 edges,59,464.0,0.8358,754
24,DiGraph with 1126 nodes and 961 edges,226,59.0,0.8989,754
22,DiGraph with 1763 nodes and 1537 edges,465,,1.0,755
22,DiGraph with 1763 nodes and 1537 edges,466,,1.0,756
23,DiGraph with 1187 nodes and 1046 edges,162,466.0,0.8385,756
24,DiGraph with 1126 nodes and 961 edges,180,162.0,0.7643,756
22,DiGraph with 1763 nodes and 1537 edges,469,,1.0,757
22,DiGraph with 1763 nodes and 1537 edges,470,,1.0,758
22,DiGraph with 1763 nodes and 1537 edges,471,,1.0,759
22,DiGraph with 1763 nodes and 1537 edges,474,,1.0,760
22,DiGraph with 1763 nodes and 1537 edges,475,,1.0,761
23,DiGraph with 1187 nodes and 1046 edges,206,475.0,0.8169,761
22,DiGraph with 1763 nodes and 1537 edges,477,,1.0,762
23,DiGraph with 1187 nodes and 1046 edges,128,477.0,0.8922,762
22,DiGraph with 1763 nodes and 1537 edges,478,,1.0,763
23,DiGraph with 1187 nodes and 1046 edges,98,478.0,0.9714,763
22,DiGraph with 1763 nodes and 1537 edges,479,,1.0,764
22,DiGraph with 1763 nodes and 1537 edges,481,,1.0,765
23,DiGraph with 1187 nodes and 1046 edges,141,481.0,0.8847,765
22,DiGraph with 1763 nodes and 1537 edges,482,,1.0,766
23,DiGraph with 1187 nodes and 1046 edges,39,482.0,0.9078,766
24,DiGraph with 1126 nodes and 961 edges,186,39.0,0.807,766
22,DiGraph with 1763 nodes and 1537 edges,483,,1.0,767
23,DiGraph with 1187 nodes and 1046 edges,107,483.0,0.7942,767
22,DiGraph with 1763 nodes and 1537 edges,484,,1.0,768
23,DiGraph with 1187 nodes and 1046 edges,142,484.0,0.9083,768
24,DiGraph with 1126 nodes and 961 edges,199,142.0,0.8727,768
22,DiGraph with 1763 nodes and 1537 edges,485,,1.0,769
22,DiGraph with 1763 nodes and 1537 edges,486,,1.0,770
22,DiGraph with 1763 nodes and 1537 edges,488,,1.0,771
23,DiGraph with 1187 nodes and 1046 edges,137,488.0,0.7519,771
22,DiGraph with 1763 nodes and 1537 edges,489,,1.0,772
23,DiGraph with 1187 nodes and 1046 edges,199,489.0,0.9435,772
24,DiGraph with 1126 nodes and 961 edges,204,199.0,0.9196,772
22,DiGraph with 1763 nodes and 1537 edges,491,,1.0,773
22,DiGraph with 1763 nodes and 1537 edges,492,,1.0,774
23,DiGraph with 1187 nodes and 1046 edges,159,492.0,0.9757,774
24,DiGraph with 1126 nodes and 961 edges,101,159.0,0.8811,774
22,DiGraph with 1763 nodes and 1537 edges,495,,1.0,775
23,DiGraph with 1187 nodes and 1046 edges,149,495.0,0.7698,775
22,DiGraph with 1763 nodes and 1537 edges,496,,1.0,776
22,DiGraph with 1763 nodes and 1537 edges,497,,1.0,777
23,DiGraph with 1187 nodes and 1046 edges,21,497.0,0.9613,777
24,DiGraph with 1126 nodes and 961 edges,114,21.0,0.9326,777
22,DiGraph with 1763 nodes and 1537 edges,498,,1.0,778
22,DiGraph with 1763 nodes and 1537 edges,499,,1.0,779
22,DiGraph with 1763 nodes and 1537 edges,500,,1.0,780
22,DiGraph with 1763 nodes and 1537 edges,501,,1.0,781
22,DiGraph with 1763 nodes and 1537 edges,503,,1.0,782
22,DiGraph with 1763 nodes and 1537 edges,504,,1.0,783
23,DiGraph with 1187 nodes and 1046 edges,4,504.0,0.9209,783
24,DiGraph with 1126 nodes and 961 edges,151,4.0,0.9159,783
22,DiGraph with 1763 nodes and 1537 edges,505,,1.0,784
22,DiGraph with 1763 nodes and 1537 edges,506,,1.0,785
22,DiGraph with 1763 nodes and 1537 edges,507,,1.0,786
23,DiGraph with 1187 nodes and 1046 edges,60,507.0,0.8621,786
24,DiGraph with 1126 nodes and 961 edges,112,60.0,0.8892,786
22,DiGraph with 1763 nodes and 1537 edges,509,,1.0,787
22,DiGraph with 1763 nodes and 1537 edges,510,,1.0,788
23,DiGraph with 1187 nodes and 1046 edges,175,510.0,0.9172,788
22,DiGraph with 1763 nodes and 1537 edges,511,,1.0,789
23,DiGraph with 1187 nodes and 1046 edges,163,511.0,0.7861,789
22,DiGraph with 1763 nodes and 1537 edges,512,,1.0,790
23,DiGraph with 1187 nodes and 1046 edges,57,512.0,0.8221,790
24,DiGraph with 1126 nodes and 961 edges,153,57.0,0.8461,790
22,DiGraph with 1763 nodes and 1537 edges,513,,1.0,791
23,DiGraph with 1187 nodes and 1046 edges,121,513.0,0.8848,791
24,DiGraph with 1126 nodes and 961 edges,235,121.0,0.9313,791
22,DiGraph with 1763 nodes and 1537 edges,514,,1.0,792
22,DiGraph with 1763 nodes and 1537 edges,515,,1.0,793
22,DiGraph with 1763 nodes and 1537 edges,518,,1.0,794
22,DiGraph with 1763 nodes and 1537 edges,519,,1.0,795
23,DiGraph with 1187 nodes and 1046 edges,169,519.0,0.8287,795
22,DiGraph with 1763 nodes and 1537 edges,521,,1.0,796
22,DiGraph with 1763 nodes and 1537 edges,522,,1.0,797
23,DiGraph with 1187 nodes and 1046 edges,75,522.0,0.8895,797
22,DiGraph with 1763 nodes and 1537 edges,526,,1.0,798
23,DiGraph with 1187 nodes and 1046 edges,172,526.0,0.9677,798
22,DiGraph with 1763 nodes and 1537 edges,529,,1.0,799
23,DiGraph with 1187 nodes and 1046 edges,93,529.0,0.8981,799
22,DiGraph with 1763 nodes and 1537 edges,530,,1.0,800
23,DiGraph with 1187 nodes and 1046 edges,144,530.0,0.9566,800
22,DiGraph with 1763 nodes and 1537 edges,533,,1.0,801
23,DiGraph with 1187 nodes and 1046 edges,204,533.0,0.8976,801
22,DiGraph with 1763 nodes and 1537 edges,535,,1.0,802
23,DiGraph with 1187 nodes and 1046 edges,138,535.0,0.845,802
22,DiGraph with 1763 nodes and 1537 edges,24,,1.0,803
23,DiGraph with 1187 nodes and 1046 edges,207,24.0,0.8977,803
24,DiGraph with 1126 nodes and 961 edges,123,207.0,0.964,803
22,DiGraph with 1763 nodes and 1537 edges,20,,1.0,804
23,DiGraph with 1187 nodes and 1046 edges,191,20.0,0.8694,804
24,DiGraph with 1126 nodes and 961 edges,40,191.0,0.9123,804
23,DiGraph with 1187 nodes and 1046 edges,0,,1.0,805
23,DiGraph with 1187 nodes and 1046 edges,1,,1.0,806
23,DiGraph with 1187 nodes and 1046 edges,30,,1.0,807
23,DiGraph with 1187 nodes and 1046 edges,6,,1.0,808
23,DiGraph with 1187 nodes and 1046 edges,22,,1.0,809
23,DiGraph with 1187 nodes and 1046 edges,14,,1.0,810
23,DiGraph with 1187 nodes and 1046 edges,17,,1.0,811
24,DiGraph with 1126 nodes and 961 edges,9,17.0,0.7895,811
23,DiGraph with 1187 nodes and 1046 edges,18,,1.0,812
23,DiGraph with 1187 nodes and 1046 edges,49,,1.0,813
23,DiGraph with 1187 nodes and 1046 edges,23,,1.0,814
23,DiGraph with 1187 nodes and 1046 edges,25,,1.0,815
23,DiGraph with 1187 nodes and 1046 edges,26,,1.0,816
23,DiGraph with 1187 nodes and 1046 edges,28,,1.0,817
23,DiGraph with 1187 nodes and 1046 edges,29,,1.0,818
24,DiGraph with 1126 nodes and 961 edges,3,29.0,0.6886,818
23,DiGraph with 1187 nodes and 1046 edges,76,,1.0,819
23,DiGraph with 1187 nodes and 1046 edges,33,,1.0,820
23,DiGraph with 1187 nodes and 1046 edges,69,,1.0,821
23,DiGraph with 1187 nodes and 1046 edges,36,,1.0,822
24,DiGraph with 1126 nodes and 961 edges,161,36.0,0.8829,822
23,DiGraph with 1187 nodes and 1046 edges,37,,1.0,823
24,DiGraph with 1126 nodes and 961 edges,130,37.0,0.8152,823
23,DiGraph with 1187 nodes and 1046 edges,40,,1.0,824
23,DiGraph with 1187 nodes and 1046 edges,42,,1.0,825
23,DiGraph with 1187 nodes and 1046 edges,53,,1.0,826
23,DiGraph with 1187 nodes and 1046 edges,46,,1.0,827
23,DiGraph with 1187 nodes and 1046 edges,47,,1.0,828
24,DiGraph with 1126 nodes and 961 edges,12,47.0,0.7622,828
23,DiGraph with 1187 nodes and 1046 edges,48,,1.0,829
23,DiGraph with 1187 nodes and 1046 edges,58,,1.0,830
24,DiGraph with 1126 nodes and 961 edges,23,58.0,0.9265,830
23,DiGraph with 1187 nodes and 1046 edges,83,,1.0,831
24,DiGraph with 1126 nodes and 961 edges,54,83.0,0.9267,831
23,DiGraph with 1187 nodes and 1046 edges,64,,1.0,832
23,DiGraph with 1187 nodes and 1046 edges,65,,1.0,833
23,DiGraph with 1187 nodes and 1046 edges,68,,1.0,834
24,DiGraph with 1126 nodes and 961 edges,157,68.0,0.695,834
23,DiGraph with 1187 nodes and 1046 edges,71,,1.0,835
24,DiGraph with 1126 nodes and 961 edges,110,71.0,0.86,835
23,DiGraph with 1187 nodes and 1046 edges,102,,1.0,836
23,DiGraph with 1187 nodes and 1046 edges,79,,1.0,837
24,DiGraph with 1126 nodes and 961 edges,16,79.0,0.691,837
23,DiGraph with 1187 nodes and 1046 edges,80,,1.0,838
24,DiGraph with 1126 nodes and 961 edges,174,80.0,0.6515,838
23,DiGraph with 1187 nodes and 1046 edges,81,,1.0,839
24,DiGraph with 1126 nodes and 961 edges,203,81.0,0.9873,839
23,DiGraph with 1187 nodes and 1046 edges,87,,1.0,840
23,DiGraph with 1187 nodes and 1046 edges,90,,1.0,841
24,DiGraph with 1126 nodes and 961 edges,116,90.0,0.91,841
23,DiGraph with 1187 nodes and 1046 edges,91,,1.0,842
23,DiGraph with 1187 nodes and 1046 edges,94,,1.0,843
23,DiGraph with 1187 nodes and 1046 edges,96,,1.0,844
24,DiGraph with 1126 nodes and 961 edges,201,96.0,0.9005,844
23,DiGraph with 1187 nodes and 1046 edges,97,,1.0,845
23,DiGraph with 1187 nodes and 1046 edges,100,,1.0,846
24,DiGraph with 1126 nodes and 961 edges,176,100.0,0.9416,846
23,DiGraph with 1187 nodes and 1046 edges,101,,1.0,847
24,DiGraph with 1126 nodes and 961 edges,230,101.0,0.8005,847
23,DiGraph with 1187 nodes and 1046 edges,104,,1.0,848
23,DiGraph with 1187 nodes and 1046 edges,109,,1.0,849
24,DiGraph with 1126 nodes and 961 edges,49,109.0,0.9754,849
23,DiGraph with 1187 nodes and 1046 edges,115,,1.0,850
24,DiGraph with 1126 nodes and 961 edges,39,115.0,0.8415,850
23,DiGraph with 1187 nodes and 1046 edges,117,,1.0,851
24,DiGraph with 1126 nodes and 961 edges,77,117.0,0.7809,851
23,DiGraph with 1187 nodes and 1046 edges,124,,1.0,852
23,DiGraph with 1187 nodes and 1046 edges,126,,1.0,853
23,DiGraph with 1187 nodes and 1046 edges,130,,1.0,854
23,DiGraph with 1187 nodes and 1046 edges,131,,1.0,855
24,DiGraph with 1126 nodes and 961 edges,38,131.0,0.8321,855
23,DiGraph with 1187 nodes and 1046 edges,134,,1.0,856
23,DiGraph with 1187 nodes and 1046 edges,139,,1.0,857
23,DiGraph with 1187 nodes and 1046 edges,146,,1.0,858
23,DiGraph with 1187 nodes and 1046 edges,148,,1.0,859
23,DiGraph with 1187 nodes and 1046 edges,153,,1.0,860
23,DiGraph with 1187 nodes and 1046 edges,156,,1.0,861
23,DiGraph with 1187 nodes and 1046 edges,161,,1.0,862
24,DiGraph with 1126 nodes and 961 edges,5,161.0,0.861,862
23,DiGraph with 1187 nodes and 1046 edges,170,,1.0,863
23,DiGraph with 1187 nodes and 1046 edges,173,,1.0,864
23,DiGraph with 1187 nodes and 1046 edges,177,,1.0,865
24,DiGraph with 1126 nodes and 961 edges,79,177.0,0.8379,865
23,DiGraph with 1187 nodes and 1046 edges,186,,1.0,866
24,DiGraph with 1126 nodes and 961 edges,135,186.0,0.9146,866
23,DiGraph with 1187 nodes and 1046 edges,192,,1.0,867
24,DiGraph with 1126 nodes and 961 edges,129,192.0,0.7794,867
23,DiGraph with 1187 nodes and 1046 edges,194,,1.0,868
23,DiGraph with 1187 nodes and 1046 edges,195,,1.0,869
24,DiGraph with 1126 nodes and 961 edges,75,195.0,0.8573,869
23,DiGraph with 1187 nodes and 1046 edges,196,,1.0,870
24,DiGraph with 1126 nodes and 961 edges,139,196.0,0.8182,870
23,DiGraph with 1187 nodes and 1046 edges,198,,1.0,871
23,DiGraph with 1187 nodes and 1046 edges,200,,1.0,872
23,DiGraph with 1187 nodes and 1046 edges,208,,1.0,873
23,DiGraph with 1187 nodes and 1046 edges,209,,1.0,874
24,DiGraph with 1126 nodes and 961 edges,60,209.0,0.8419,874
23,DiGraph with 1187 nodes and 1046 edges,9,,1.0,875
24,DiGraph with 1126 nodes and 961 edges,212,9.0,0.8618,875
23,DiGraph with 1187 nodes and 1046 edges,44,,1.0,876
24,DiGraph with 1126 nodes and 961 edges,166,44.0,0.8147,876
23,DiGraph with 1187 nodes and 1046 edges,51,,1.0,877
24,DiGraph with 1126 nodes and 961 edges,13,51.0,0.9354,877
23,DiGraph with 1187 nodes and 1046 edges,54,,1.0,878
24,DiGraph with 1126 nodes and 961 edges,117,54.0,0.8553,878
23,DiGraph with 1187 nodes and 1046 edges,63,,1.0,879
24,DiGraph with 1126 nodes and 961 edges,144,63.0,0.8271,879
24,DiGraph with 1126 nodes and 961 edges,0,,1.0,880
24,DiGraph with 1126 nodes and 961 edges,1,,1.0,881
24,DiGraph with 1126 nodes and 961 edges,2,,1.0,882
24,DiGraph with 1126 nodes and 961 edges,4,,1.0,883
24,DiGraph with 1126 nodes and 961 edges,6,,1.0,884
24,DiGraph with 1126 nodes and 961 edges,8,,1.0,885
24,DiGraph with 1126 nodes and 961 edges,10,,1.0,886
24,DiGraph with 1126 nodes and 961 edges,36,,1.0,887
24,DiGraph with 1126 nodes and 961 edges,14,,1.0,888
24,DiGraph with 1126 nodes and 961 edges,18,,1.0,889
24,DiGraph with 1126 nodes and 961 edges,20,,1.0,890
24,DiGraph with 1126 nodes and 961 edges,22,,1.0,891
24,DiGraph with 1126 nodes and 961 edges,24,,1.0,892
24,DiGraph with 1126 nodes and 961 edges,25,,1.0,893
24,DiGraph with 1126 nodes and 961 edges,27,,1.0,894
24,DiGraph with 1126 nodes and 961 edges,28,,1.0,895
24,DiGraph with 1126 nodes and 961 edges,30,,1.0,896
24,DiGraph with 1126 nodes and 961 edges,45,,1.0,897
24,DiGraph with 1126 nodes and 961 edges,34,,1.0,898
24,DiGraph with 1126 nodes and 961 edges,37,,1.0,899
24,DiGraph with 1126 nodes and 961 edges,41,,1.0,900
24,DiGraph with 1126 nodes and 961 edges,43,,1.0,901
24,DiGraph with 1126 nodes and 961 edges,46,,1.0,902
24,DiGraph with 1126 nodes and 961 edges,52,,1.0,903
24,DiGraph with 1126 nodes and 961 edges,56,,1.0,904
24,DiGraph with 1126 nodes and 961 edges,57,,1.0,905
24,DiGraph with 1126 nodes and 961 edges,58,,1.0,906
24,DiGraph with 1126 nodes and 961 edges,61,,1.0,907
24,DiGraph with 1126 nodes and 961 edges,62,,1.0,908
24,DiGraph with 1126 nodes and 961 edges,63,,1.0,909
24,DiGraph with 1126 nodes and 961 edges,65,,1.0,910
24,DiGraph with 1126 nodes and 961 edges,66,,1.0,911
24,DiGraph with 1126 nodes and 961 edges,68,,1.0,912
24,DiGraph with 1126 nodes and 961 edges,69,,1.0,913
24,DiGraph with 1126 nodes and 961 edges,71,,1.0,914
24,DiGraph with 1126 nodes and 961 edges,73,,1.0,915
24,DiGraph with 1126 nodes and 961 edges,74,,1.0,916
24,DiGraph with 1126 nodes and 961 edges,81,,1.0,917
24,DiGraph with 1126 nodes and 961 edges,83,,1.0,918
24,DiGraph with 1126 nodes and 961 edges,84,,1.0,919
24,DiGraph with 1126 nodes and 961 edges,85,,1.0,920
24,DiGraph with 1126 nodes and 961 edges,86,,1.0,921
24,DiGraph with 1126 nodes and 961 edges,87,,1.0,922
24,DiGraph with 1126 nodes and 961 edges,88,,1.0,923
24,DiGraph with 1126 nodes and 961 edges,91,,1.0,924
24,DiGraph with 1126 nodes and 961 edges,93,,1.0,925
24,DiGraph with 1126 nodes and 961 edges,96,,1.0,926
24,DiGraph with 1126 nodes and 961 edges,97,,1.0,927
24,DiGraph with 1126 nodes and 961 edges,98,,1.0,928
24,DiGraph with 1126 nodes and 961 edges,99,,1.0,929
24,DiGraph with 1126 nodes and 961 edges,100,,1.0,930
24,DiGraph with 1126 nodes and 961 edges,102,,1.0,931
24,DiGraph with 1126 nodes and 961 edges,104,,1.0,932
24,DiGraph with 1126 nodes and 961 edges,107,,1.0,933
24,DiGraph with 1126 nodes and 961 edges,108,,1.0,934
24,DiGraph with 1126 nodes and 961 edges,111,,1.0,935
24,DiGraph with 1126 nodes and 961 edges,113,,1.0,936
24,DiGraph with 1126 nodes and 961 edges,115,,1.0,937
24,DiGraph with 1126 nodes and 961 edges,118,,1.0,938
24,DiGraph with 1126 nodes and 961 edges,119,,1.0,939
24,DiGraph with 1126 nodes and 961 edges,120,,1.0,940
24,DiGraph with 1126 nodes and 961 edges,122,,1.0,941
24,DiGraph with 1126 nodes and 961 edges,124,,1.0,942
24,DiGraph with 1126 nodes and 961 edges,125,,1.0,943
24,DiGraph with 1126 nodes and 961 edges,126,,1.0,944
24,DiGraph with 1126 nodes and 961 edges,131,,1.0,945
24,DiGraph with 1126 nodes and 961 edges,133,,1.0,946
24,DiGraph with 1126 nodes and 961 edges,134,,1.0,947
24,DiGraph with 1126 nodes and 961 edges,136,,1.0,948
24,DiGraph with 1126 nodes and 961 edges,137,,1.0,949
24,DiGraph with 1126 nodes and 961 edges,138,,1.0,950
24,DiGraph with 1126 nodes and 961 edges,140,,1.0,951
24,DiGraph with 1126 nodes and 961 edges,141,,1.0,952
24,DiGraph with 1126 nodes and 961 edges,142,,1.0,953
24,DiGraph with 1126 nodes and 961 edges,143,,1.0,954
24,DiGraph with 1126 nodes and 961 edges,145,,1.0,955
24,DiGraph with 1126 nodes and 961 edges,147,,1.0,956
24,DiGraph with 1126 nodes and 961 edges,148,,1.0,957
24,DiGraph with 1126 nodes and 961 edges,149,,1.0,958
24,DiGraph with 1126 nodes and 961 edges,150,,1.0,959
24,DiGraph with 1126 nodes and 961 edges,152,,1.0,960
24,DiGraph with 1126 nodes and 961 edges,154,,1.0,961
24,DiGraph with 1126 nodes and 961 edges,155,,1.0,962
24,DiGraph with 1126 nodes and 961 edges,156,,1.0,963
24,DiGraph with 1126 nodes and 961 edges,159,,1.0,964
24,DiGraph with 1126 nodes and 961 edges,162,,1.0,965
24,DiGraph with 1126 nodes and 961 edges,164,,1.0,966
24,DiGraph with 1126 nodes and 961 edges,165,,1.0,967
24,DiGraph with 1126 nodes and 961 edges,167,,1.0,968
24,DiGraph with 1126 nodes and 961 edges,168,,1.0,969
24,DiGraph with 1126 nodes and 961 edges,169,,1.0,970
24,DiGraph with 1126 nodes and 961 edges,170,,1.0,971
24,DiGraph with 1126 nodes and 961 edges,172,,1.0,972
24,DiGraph with 1126 nodes and 961 edges,175,,1.0,973
24,DiGraph with 1126 nodes and 961 edges,178,,1.0,974
24,DiGraph with 1126 nodes and 961 edges,181,,1.0,975
24,DiGraph with 1126 nodes and 961 edges,183,,1.0,976
24,DiGraph with 1126 nodes and 961 edges,185,,1.0,977
24,DiGraph with 1126 nodes and 961 edges,187,,1.0,978
24,DiGraph with 1126 nodes and 961 edges,188,,1.0,979
24,DiGraph with 1126 nodes and 961 edges,189,,1.0,980
24,DiGraph with 1126 nodes and 961 edges,190,,1.0,981
24,DiGraph with 1126 nodes and 961 edges,191,,1.0,982
24,DiGraph with 1126 nodes and 961 edges,193,,1.0,983
24,DiGraph with 1126 nodes and 961 edges,194,,1.0,984
24,DiGraph with 1126 nodes and 961 edges,195,,1.0,985
24,DiGraph with 1126 nodes and 961 edges,196,,1.0,986
24,DiGraph with 1126 nodes and 961 edges,197,,1.0,987
24,DiGraph with 1126 nodes and 961 edges,200,,1.0,988
24,DiGraph with 1126 nodes and 961 edges,206,,1.0,989
24,DiGraph with 1126 nodes and 961 edges,207,,1.0,990
24,DiGraph with 1126 nodes and 961 edges,208,,1.0,991
24,DiGraph with 1126 nodes and 961 edges,209,,1.0,992
24,DiGraph with 1126 nodes and 961 edges,210,,1.0,993
24,DiGraph with 1126 nodes and 961 edges,211,,1.0,994
24,DiGraph with 1126 nodes and 961 edges,213,,1.0,995
24,DiGraph with 1126 nodes and 961 edges,216,,1.0,996
24,DiGraph with 1126 nodes and 961 edges,217,,1.0,997
24,DiGraph with 1126 nodes and 961 edges,218,,1.0,998
24,DiGraph with 1126 nodes and 961 edges,219,,1.0,999
24,DiGraph with 1126 nodes and 961 edges,221,,1.0,1000
24,DiGraph with 1126 nodes and 961 edges,222,,1.0,1001
24,DiGraph with 1126 nodes and 961 edges,223,,1.0,1002
24,DiGraph with 1126 nodes and 961 edges,225,,1.0,1003
24,DiGraph with 1126 nodes and 961 edges,227,,1.0,1004
24,DiGraph with 1126 nodes and 961 edges,228,,1.0,1005
24,DiGraph with 1126 nodes and 961 edges,229,,1.0,1006
24,DiGraph with 1126 nodes and 961 edges,231,,1.0,1007
24,DiGraph with 1126 nodes and 961 edges,232,,1.0,1008
24,DiGraph with 1126 nodes and 961 edges,233,,1.0,1009
24,DiGraph with 1126 nodes and 961 edges,234,,1.0,1010
24,DiGraph with 1126 nodes and 961 edges,236,,1.0,1011
24,DiGraph with 1126 nodes and 961 edges,237,,1.0,1012
24,DiGraph with 1126 nodes and 961 edges,238,,1.0,1013
24,DiGraph with 1126 nodes and 961 edges,240,,1.0,1014
24,DiGraph with 1126 nodes and 961 edges,241,,1.0,1015
24,DiGraph with 1126 nodes and 961 edges,242,,1.0,1016
24,DiGraph with 1126 nodes and 961 edges,243,,1.0,1017
24,DiGraph with 1126 nodes and 961 edges,244,,1.0,1018
24,DiGraph with 1126 nodes and 961 edges,246,,1.0,1019
24,DiGraph with 1126 nodes and 961 edges,250,,1.0,1020
24,DiGraph with 1126 nodes and 961 edges,251,,1.0,1021
24,DiGraph with 1126 nodes and 961 edges,252,,1.0,1022
24,DiGraph with 1126 nodes and 961 edges,253,,1.0,1023
24,DiGraph with 1126 nodes and 961 edges,105,,1.0,1024
24,DiGraph with 1126 nodes and 961 edges,21,,1.0,1025
24,DiGraph with 1126 nodes and 961 edges,26,,1.0,1026
24,DiGraph with 1126 nodes and 961 edges,29,,1.0,1027
24,DiGraph with 1126 nodes and 961 edges,31,,1.0,1028
24,DiGraph with 1126 nodes and 961 edges,44,,1.0,1029
24,DiGraph with 1126 nodes and 961 edges,47,,1.0,1030
24,DiGraph with 1126 nodes and 961 edges,48,,1.0,1031
24,DiGraph with 1126 nodes and 961 edges,55,,1.0,1032
24,DiGraph with 1126 nodes and 961 edges,70,,1.0,1033
24,DiGraph with 1126 nodes and 961 edges,72,,1.0,1034
24,DiGraph with 1126 nodes and 961 edges,78,,1.0,1035
24,DiGraph with 1126 nodes and 961 edges,82,,1.0,1036
