pcid,timestep,community,growth_rate,density_change,degree_change,fraud_growth,clustering_change,feature_drift,variance_drift,lifetime,persistence,average_match_score,node_churn,structural_stability,is_fraud_community
6,21,11,-0.15151515151515152,0.17857142857142846,-0.04347826086956518,1.357142857142857,0.0,4.610801345166044,0.2957095616678967,2,0.4,0.8591,1.8484848484848484,0.9310843373493978,1
11,21,18,0.6666666666666666,-0.16923076923076913,0.5306122448979593,-1.0,0.0,4.278829689108831,0.7300303872769763,2,0.4,0.90335,2.6666666666666665,0.8108452138492872,0
15,21,9,0.0,0.0,0.0,0.0,0.0,9.08010379424121,0.0,3,0.6,0.9154666666666667,2.0,1.0,0
15,22,457,0.0,0.0,0.0,0.0,0.0,4.331653259096176,0.0,3,0.6,0.9154666666666667,2.0,1.0,0
18,21,87,-0.391304347826087,0.6428571428571428,0.008116883116883102,0.0,0.0,3.2580206002766148,0.06417056928548648,4,0.8,0.793975,1.608695652173913,0.8216985326811916,1
18,22,68,-0.42857142857142855,0.7500000000000001,-0.0925925925925926,0.0,0.0,5.1796593057360765,0.3958866869757202,4,0.8,0.793975,1.5714285714285714,0.780722891566265,1
18,23,178,-0.625,1.6666666666666665,-0.23809523809523814,0.0,0.0,5.946980346107368,-0.49734864007080914,4,0.8,0.793975,1.375,0.6116504854368933,1
20,21,86,-0.4117647058823529,0.65,-0.04800000000000003,-0.2714285714285714,-1.0,3.0201950411189493,0.05156455329252236,2,0.4,0.8913,1.588235294117647,0.6385696040868455,1
21,21,30,0.0,0.0,0.21875,-1.0,0.0,3.9102818072100862,-0.23326928746072537,3,0.6,0.7920000000000001,2.0,0.9320388349514562,0
21,22,1,1.3125,-0.5435435435435436,-0.10187110187110193,0.0,0.0,4.371468487664506,0.286426072942676,3,0.6,0.7920000000000001,3.3125,0.8229516507192192,0
23,21,26,-0.23333333333333334,0.3043478260869565,-0.06832298136645966,-1.0,0.0,3.850782847889469,1.6155996629002356,4,0.8,0.7716,1.7666666666666666,0.8895027624309392,0
23,22,4,-0.13043478260869565,0.1500000000000001,-0.003333333333333371,0.0,0.0,6.695151250923798,1.0025645442215425,4,0.8,0.7716,1.8695652173913044,0.9513742071881607,1
23,23,5,0.25,-0.20000000000000004,0.08717948717948726,-1.0,0.0,13.48731125805076,2.28938504621767,4,0.8,0.7716,2.25,0.9126365054602184,0
25,21,131,0.0,0.0,0.0,0.0,0.0,5.068131453712591,-0.2963165471061302,4,0.8,0.7503,2.0,1.0,0
25,22,3,1.6666666666666667,-0.6250000000000001,0.10156250000000001,0.0,0.0,3.331837258656834,0.09958367472233026,4,0.8,0.7503,3.6666666666666665,0.8050314465408805,0
25,23,41,-0.75,3.0,-0.1489361702127659,0.0,0.0,4.930276709631565,0.06962962604897614,4,0.8,0.7503,1.25,0.48788927335640137,0
28,21,0,-0.2857142857142857,0.30344827586206913,-0.051612903225806465,-0.46153846153846156,0.0,3.081884886897907,2.8668225753025287,2,0.4,0.87515,1.7142857142857142,0.894171474040183,1
38,21,19,0.0,0.0,0.0,0.0,0.0,0.17673218854350858,0.0,3,0.6,0.9995333333333334,2.0,1.0,1
38,22,36,0.0,0.0,0.0,0.0,0.0,0.2361027135057836,0.0,3,0.6,0.9995333333333334,2.0,1.0,1
39,21,91,0.0,0.0,0.0,0.0,0.0,7.874439953537694,1.0338928540080448,4,0.8,0.7692500000000001,2.0,1.0,0
39,22,217,-0.2,0.24999999999999994,-0.06250000000000006,0.0,0.0,14.523917060733364,1.3785339154703558,4,0.8,0.7692500000000001,1.8,0.9056603773584905,0
39,23,67,0.0,0.0,0.0,0.0,0.0,17.30573845515598,-0.6089577707848908,4,0.8,0.7692500000000001,2.0,1.0,0
40,21,181,0.0,0.0,0.0,0.0,0.0,5.642905394103708,0.0,3,0.6,0.9181333333333334,2.0,1.0,0
40,22,137,0.0,0.0,0.0,0.0,0.0,5.203133959848674,0.0,3,0.6,0.9181333333333334,2.0,1.0,0
42,21,53,0.0,0.0,0.0,0.0,0.0,12.531062997532109,0.0,2,0.4,0.94875,2.0,1.0,0
49,21,67,0.0,0.0,0.0,0.0,0.0,5.655429686462156,0.0,2,0.4,0.9981,2.0,1.0,0
50,21,69,0.0,0.0,0.0,0.0,0.0,0.3078922425172065,0.0,2,0.4,0.99925,2.0,1.0,1
55,21,17,-0.5454545454545454,1.2,-0.11999999999999993,0.0,0.0,6.392855500043406,-0.21589068704905337,5,1.0,0.7614,1.4545454545454546,0.6944444444444444,0
55,22,316,-0.2,0.24999999999999994,-0.06250000000000006,0.0,0.0,5.530133413253666,-0.7232481473792776,5,1.0,0.7614,1.8,0.9056603773584905,1
55,23,27,0.0,0.0,0.0,-1.0,0.0,4.553267850168115,1.360654813081496,5,1.0,0.7614,2.0,1.0,0
55,24,89,0.0,0.0,0.0,0.0,0.0,21.095382475590743,1.5697961082159948,5,1.0,0.7614,2.0,1.0,0
56,21,140,0.0,0.0,0.0,0.0,0.0,12.451846202161375,-0.602980195390403,5,1.0,0.84526,2.0,1.0,0
56,22,396,0.0,0.0,0.0,0.0,0.0,20.61898173139872,1.4966679840269117,5,1.0,0.84526,2.0,1.0,0
56,23,157,0.0,0.0,0.0,0.0,0.0,19.727213352945412,2.0611045664305068,5,1.0,0.84526,2.0,1.0,0
56,24,177,0.0,0.0,0.0,0.0,0.0,10.231948058920265,0.11810207654632421,5,1.0,0.84526,2.0,1.0,0
62,21,233,0.0,0.0,0.0,0.0,0.0,0.19270035240815056,0.0,3,0.6,0.9993666666666666,2.0,1.0,1
62,22,233,0.0,0.0,0.0,0.0,0.0,0.27827947475468817,0.0,3,0.6,0.9993666666666666,2.0,1.0,1
66,21,52,4.666666666666667,-0.8125,0.5441176470588235,0.0,0.0,3.6369618259328136,2.5393850328430907,2,0.4,0.8166,6.666666666666667,0.6886075949367089,0
71,21,126,0.0,0.0,0.0,0.0,0.0,11.74621488085061,0.0,2,0.4,0.9363,2.0,1.0,0
74,21,70,0.0,0.0,0.0,0.0,0.0,9.23345060235606,0.37814415107888044,5,1.0,0.76484,2.0,1.0,0
74,22,109,0.0,0.0,0.0,0.0,0.0,10.06104597681974,0.24932804276790496,5,1.0,0.76484,2.0,1.0,0
74,23,174,0.0,0.0,0.0,0.0,0.0,11.8066512792417,0.3610103379036097,5,1.0,0.76484,2.0,1.0,0
74,24,248,-0.3333333333333333,0.5000000000000001,-0.24999999999999994,0.0,0.0,7.4303110660925995,-0.8996705723557542,5,1.0,0.76484,1.6666666666666667,0.8,0
79,21,237,0.0,0.0,0.0,0.0,0.0,11.098019375428386,0.0,3,0.6,0.9213666666666667,2.0,1.0,0
79,22,302,0.0,0.0,0.0,0.0,0.0,11.936966665417984,0.0,3,0.6,0.9213666666666667,2.0,1.0,0
82,21,113,0.2,-0.06862745098039212,0.14942528735632188,-0.8958333333333333,0.0,2.8582715177630846,1.814829891261987,4,0.8,0.8127249999999999,2.2,0.9322407815947055,1
82,22,37,1.0555555555555556,-0.39544807965860596,0.21621621621621612,-1.0,0.0,1.726723706774965,0.5122314840856925,4,0.8,0.8127249999999999,3.0555555555555554,0.8306419850334777,0
82,23,24,-0.972972972972973,-1.0,-1.0,0.0,-1.0,2.6340548591470863,-1.0,4,0.8,0.8127249999999999,1.027027027027027,0.5,0
84,21,119,0.0,0.0,0.0,0.0,0.0,10.994959229725117,0.0,5,1.0,0.89868,2.0,1.0,0
84,22,318,0.0,0.0,0.0,0.0,0.0,9.469105999600437,0.0,5,1.0,0.89868,2.0,1.0,0
84,23,197,0.0,0.0,0.0,0.0,0.0,12.156280097169986,0.0,5,1.0,0.89868,2.0,1.0,0
84,24,127,0.0,0.0,0.0,0.0,0.0,10.629739254828376,0.0,5,1.0,0.89868,2.0,1.0,0
85,21,171,0.0,0.0,0.0,0.0,0.0,6.087379991337972,0.0,5,1.0,0.86014,2.0,1.0,1
85,22,476,0.0,0.0,0.0,0.0,0.0,6.787315150415627,0.0,5,1.0,0.86014,2.0,1.0,1
85,23,187,0.0,0.0,0.0,0.0,0.0,5.468537820172392,0.0,5,1.0,0.86014,2.0,1.0,1
85,24,192,0.0,0.0,0.0,0.0,0.0,5.540943599843178,0.0,5,1.0,0.86014,2.0,1.0,1
92,21,12,2.75,-0.7333333333333334,0.37777777777777793,0.0,0.0,8.618043954313729,-0.05893716889209696,4,0.8,0.7762249999999999,4.75,0.7297297297297297,0
92,22,25,-0.3333333333333333,0.5000000000000001,-0.1290322580645162,0.0,0.0,6.083238239286062,-0.8238526816023376,4,0.8,0.7762249999999999,1.6666666666666667,0.8266666666666667,0
92,23,99,-0.2,0.24999999999999994,-0.0277777777777778,0.0,0.0,19.515751592313713,9.309338725062787,4,0.8,0.7762249999999999,1.8,0.9152542372881356,0
93,21,76,0.0,0.0,0.0,0.0,0.0,0.6300149988174172,0.0,5,1.0,0.9905200000000001,2.0,1.0,1
93,22,524,0.0,0.0,0.0,0.0,0.0,0.7822003935635758,0.0,5,1.0,0.9905200000000001,2.0,1.0,1
93,23,202,0.0,0.0,0.0,0.0,0.0,1.014718621674063,0.0,5,1.0,0.9905200000000001,2.0,1.0,1
93,24,239,0.0,0.0,0.0,0.0,0.0,1.262703085488024,0.0,5,1.0,0.9905200000000001,2.0,1.0,1
95,21,99,0.0,0.0,0.0,0.0,0.0,5.113138675799526,0.0,2,0.4,0.96835,2.0,1.0,0
100,21,170,0.0,0.0,0.0,0.0,0.0,4.645019232726195,0.0,3,0.6,0.9288333333333334,2.0,1.0,0
100,22,159,0.0,0.0,0.0,0.0,0.0,4.538563338152045,0.0,3,0.6,0.9288333333333334,2.0,1.0,0
103,21,129,0.0,0.0,0.0,0.0,0.0,2.4971763285853283,-0.095458709065868,4,0.8,0.914225,2.0,1.0,1
103,22,460,0.0,0.0,0.0,0.0,0.0,3.2777453461844903,0.2718391685549233,4,0.8,0.914225,2.0,1.0,1
103,23,140,0.0,0.0,0.0,0.0,0.0,3.268153404359726,-0.7532174185344895,4,0.8,0.914225,2.0,1.0,1
110,21,61,0.0,0.0,0.0,0.0,0.0,12.808702620176454,0.0,2,0.4,0.94505,2.0,1.0,0
111,21,71,0.0,0.0,0.0,0.0,0.0,6.3098683106460545,-0.9116134873971696,3,0.6,0.8663666666666666,2.0,1.0,1
111,22,138,0.0,0.0,0.0,0.0,0.0,4.984072594103391,3.5797757594308264,3,0.6,0.8663666666666666,2.0,1.0,1
114,21,29,0.0,0.0,0.0,0.0,0.0,5.2710247372001415,0.0,2,0.4,0.9498,2.0,1.0,0
119,21,162,0.0,0.0,0.0,0.0,0.0,5.590251124185644,0.0,2,0.4,0.91455,2.0,1.0,1
121,21,73,0.0,0.0,0.0,0.0,0.0,5.564335115713317,-0.3527132914176937,5,1.0,0.81692,2.0,1.0,0
121,22,118,0.0,0.0,0.0,0.0,0.0,6.0345406489997675,1.1865203733438603,5,1.0,0.81692,2.0,1.0,0
121,23,118,0.3333333333333333,-0.24999999999999994,0.12500000000000006,0.0,0.0,5.715562641928549,-0.7446775201606349,5,1.0,0.81692,2.3333333333333335,0.8888888888888888,0
121,24,51,1.0,-0.5,0.16666666666666666,0.0,0.0,2.44173457882356,0.8480468518566712,5,1.0,0.81692,3.0,0.8181818181818181,0
126,21,231,0.0,0.0,0.0,0.0,0.0,4.195753757612025,0.0,3,0.6,0.9089999999999999,2.0,1.0,0
126,22,48,0.0,0.0,0.0,0.0,0.0,5.082754050030731,0.0,3,0.6,0.9089999999999999,2.0,1.0,0
127,21,220,0.0,0.0,0.0,0.0,0.0,10.049788796777833,0.0,3,0.6,0.9557666666666668,2.0,1.0,1
127,22,219,0.0,0.0,0.0,0.0,0.0,1.534315472909817,0.0,3,0.6,0.9557666666666668,2.0,1.0,1
130,21,95,0.0,0.0,0.0,0.0,0.0,0.8914519582655319,0.0,3,0.6,0.9937,2.0,1.0,1
130,22,487,0.0,0.0,0.0,0.0,0.0,0.5168334681802296,0.0,3,0.6,0.9937,2.0,1.0,1
132,21,163,0.0,0.0,0.0,0.0,0.0,9.714501963082252,0.0,3,0.6,0.9544999999999999,2.0,1.0,0
132,22,227,0.0,0.0,0.0,0.0,0.0,7.232241762695002,0.0,3,0.6,0.9544999999999999,2.0,1.0,0
134,21,198,0.0,0.0,0.0,0.0,0.0,1.7989087102596282,0.0,3,0.6,0.9753333333333334,2.0,1.0,1
134,22,272,0.0,0.0,0.0,0.0,0.0,1.8395227142760158,0.0,3,0.6,0.9753333333333334,2.0,1.0,1
136,21,5,0.0,0.0,0.0,0.0,0.0,5.933409262614465,0.0,3,0.6,0.9165666666666666,2.0,1.0,0
136,22,341,0.0,0.0,0.0,0.0,0.0,3.8164593917389475,0.0,3,0.6,0.9165666666666666,2.0,1.0,0
137,21,41,0.0,0.0,0.0,0.0,0.0,9.753792030495807,0.6512626687557778,5,1.0,0.8477600000000001,2.0,1.0,0
137,22,195,0.0,0.0,0.2500000000000001,0.0,0.0,22.05442157258936,-0.34246824422039485,5,1.0,0.8477600000000001,2.0,0.9230769230769229,0
137,23,120,0.0,0.0,-0.20000000000000007,0.0,0.0,16.88240505401398,0.7838343773057662,5,1.0,0.8477600000000001,2.0,0.9375,0
137,24,132,0.0,0.0,0.0,0.0,0.0,22.960372002454584,1.8206719462898644,5,1.0,0.8477600000000001,2.0,1.0,0
138,21,85,0.0,0.0,0.0,0.0,0.0,13.238967609170285,0.0,2,0.4,0.92625,2.0,1.0,0
141,21,165,0.0,0.0,0.0,0.0,0.0,15.163154955672674,0.0,2,0.4,0.879,2.0,1.0,0
142,21,58,0.0,0.0,0.0,0.0,0.0,4.767008756733611,0.0,2,0.4,0.97095,2.0,1.0,0
147,21,117,0.0,0.0,0.0,0.0,0.0,9.13139508422579,0.0,3,0.6,0.8967333333333333,2.0,1.0,0
147,22,375,0.0,0.0,0.0,0.0,0.0,6.49930550129793,0.0,3,0.6,0.8967333333333333,2.0,1.0,0
148,21,44,0.0,0.0,0.0,0.0,0.0,3.9847565327062684,0.25908889348775627,3,0.6,0.8957,2.0,1.0,1
148,22,128,0.0,0.0,0.0,0.0,0.0,4.104804928237596,1.1964945935613285,3,0.6,0.8957,2.0,1.0,1
151,21,177,0.0,0.0,0.0,0.0,0.0,11.350402475752674,0.0,4,0.8,0.8848750000000001,2.0,1.0,0
151,22,426,0.0,0.0,0.0,0.0,0.0,12.197324960267618,0.0,4,0.8,0.8848750000000001,2.0,1.0,0
151,23,176,0.0,0.0,0.0,0.0,0.0,8.613075421566764,0.0,4,0.8,0.8848750000000001,2.0,1.0,0
156,21,89,0.0,0.0,0.0,0.0,0.0,11.689695889316376,-0.3015975660660765,3,0.6,0.8133333333333334,2.0,1.0,0
156,22,9,0.0,0.0,0.0,0.0,0.0,8.585851777913984,1.0823843006548428,3,0.6,0.8133333333333334,2.0,1.0,0
158,21,108,0.0,0.0,0.0,0.0,0.0,3.634872516020982,0.0,2,0.4,0.9662,2.0,1.0,0
159,21,235,0.0,0.0,0.0,0.0,0.0,5.292999010100898,0.0,4,0.8,0.9442999999999999,2.0,1.0,0
159,22,419,0.0,0.0,0.0,0.0,0.0,3.021611380473533,0.0,4,0.8,0.9442999999999999,2.0,1.0,0
159,23,84,0.0,0.0,0.0,0.0,0.0,3.1090491706268835,0.0,4,0.8,0.9442999999999999,2.0,1.0,0
161,21,56,0.0,0.0,0.0,0.0,0.0,8.124070061664218,27.73821074119433,5,1.0,0.8736600000000001,2.0,1.0,0
161,22,18,5.2,-0.8387096774193549,0.24999999999999994,0.0,0.0,4.761239680632781,0.2951492966972863,5,1.0,0.8736600000000001,7.2,0.7337278106508877,1
161,23,12,-0.03225806451612903,0.03333333333333335,0.0,0.03333333333333335,0.0,8.953781305997133,0.37192208136855137,5,1.0,0.8736600000000001,1.967741935483871,0.989010989010989,1
161,24,17,0.3333333333333333,-0.24999999999999994,0.02499999999999991,0.5000000000000001,0.0,7.666952831449784,-0.48866864883509753,5,1.0,0.8736600000000001,2.3333333333333335,0.9160305343511451,1
165,21,204,0.0,0.0,0.0,0.0,0.0,2.2982532624298253,0.0,3,0.6,0.9335,2.0,1.0,0
165,22,351,0.0,0.0,0.0,0.0,0.0,5.756342725610588,0.0,3,0.6,0.9335,2.0,1.0,0
166,21,115,0.0,0.0,0.0,0.0,0.0,5.75460090287532,0.0,3,0.6,0.9367333333333333,2.0,1.0,1
166,22,49,0.0,0.0,0.0,0.0,0.0,3.1241099260316982,0.0,3,0.6,0.9367333333333333,2.0,1.0,1
171,21,21,0.0,0.0,0.0,0.0,0.0,14.62501122125523,0.0,2,0.4,0.8673500000000001,2.0,1.0,0
174,21,59,0.0,0.0,0.0,0.0,0.0,13.910595846508434,0.0,2,0.4,0.8593500000000001,2.0,1.0,0
176,21,187,0.0,0.0,0.0,0.0,0.0,15.46146349340506,0.0,3,0.6,0.8832999999999999,2.0,1.0,0
176,22,57,0.0,0.0,0.0,0.0,0.0,15.951845500270872,0.0,3,0.6,0.8832999999999999,2.0,1.0,0
177,21,31,0.0,0.0,0.0,0.0,0.0,4.911282555211709,0.0,2,0.4,0.9533,2.0,1.0,0
178,21,10,0.0,0.0,0.0,0.0,0.0,8.288852257405313,0.0,3,0.6,0.9132666666666666,2.0,1.0,0
178,22,459,0.0,0.0,0.0,0.0,0.0,3.1755520096749263,0.0,3,0.6,0.9132666666666666,2.0,1.0,0
180,21,32,0.0,0.0,0.0,0.0,0.0,18.140137316203536,0.0,5,1.0,0.92034,2.0,1.0,0
180,22,355,0.0,0.0,0.0,0.0,0.0,14.63006760990453,0.0,5,1.0,0.92034,2.0,1.0,0
180,23,38,0.0,0.0,0.0,0.0,0.0,4.582750522740141,0.0,5,1.0,0.92034,2.0,1.0,0
180,24,202,0.0,0.0,0.0,0.0,0.0,7.504260596476645,0.0,5,1.0,0.92034,2.0,1.0,0
182,21,68,0.0,0.0,0.0,0.0,0.0,4.111161127582213,0.0,3,0.6,0.9771666666666667,2.0,1.0,0
182,22,210,0.0,0.0,0.0,0.0,0.0,1.809052102604871,0.0,3,0.6,0.9771666666666667,2.0,1.0,0
183,21,174,0.0,0.0,0.0,0.0,0.0,3.417659953655992,0.0,3,0.6,0.9592333333333333,2.0,1.0,0
183,22,388,0.0,0.0,0.0,0.0,0.0,4.159215582988283,0.0,3,0.6,0.9592333333333333,2.0,1.0,0
184,21,215,0.0,0.0,0.0,0.0,0.0,1.524024731737403,0.0,2,0.4,0.9862500000000001,2.0,1.0,1
187,21,184,0.0,0.0,0.0,0.0,0.0,9.734305675543265,0.0,3,0.6,0.8986666666666667,2.0,1.0,0
187,22,348,0.0,0.0,0.0,0.0,0.0,6.109111170781128,0.0,3,0.6,0.8986666666666667,2.0,1.0,0
191,21,96,0.0,0.0,0.0,0.0,0.0,7.631699694296248,-0.2889053305283285,5,1.0,0.7872799999999999,2.0,1.0,1
191,22,467,0.0,0.0,0.0,0.0,0.0,3.577803152820378,-0.12189412921911964,5,1.0,0.7872799999999999,2.0,1.0,1
191,23,132,0.0,0.0,0.0,0.0,0.0,8.720540662647377,3.440531270857844,5,1.0,0.7872799999999999,2.0,1.0,1
191,24,32,0.0,0.0,0.0,-1.0,0.0,10.374741149806486,0.8634686790782493,5,1.0,0.7872799999999999,2.0,1.0,0
194,21,14,0.0,0.0,0.0,0.0,0.0,4.9147832391000135,0.0,2,0.4,0.9551499999999999,2.0,1.0,0
197,21,102,0.0,0.0,0.0,0.0,0.0,7.538327465994762,0.0,2,0.4,0.87095,2.0,1.0,1
202,21,232,0.0,0.0,0.0,0.0,0.0,0.31533059329100926,0.0,3,0.6,0.9992666666666667,2.0,1.0,1
202,22,208,0.0,0.0,0.0,0.0,0.0,0.2383074799277352,0.0,3,0.6,0.9992666666666667,2.0,1.0,1
204,21,216,0.0,0.0,0.0,0.0,0.0,13.469972076168402,0.0,3,0.6,0.9074666666666666,2.0,1.0,0
204,22,201,0.0,0.0,0.0,0.0,0.0,9.101997089150963,0.0,3,0.6,0.9074666666666666,2.0,1.0,0
205,21,173,0.0,0.0,0.0,0.0,0.0,2.4762306952852198,0.0,3,0.6,0.9379666666666666,2.0,1.0,0
205,22,418,0.0,0.0,0.0,0.0,0.0,4.8868371822321,0.0,3,0.6,0.9379666666666666,2.0,1.0,0
206,21,208,0.0,0.0,0.0,0.0,0.0,2.5599224686476667,0.0,3,0.6,0.9691000000000001,2.0,1.0,0
206,22,102,0.0,0.0,0.0,0.0,0.0,3.620801463484863,0.0,3,0.6,0.9691000000000001,2.0,1.0,0
208,21,92,0.0,0.0,0.0,0.0,0.0,19.71679788850638,0.0,3,0.6,0.9218666666666667,2.0,1.0,0
208,22,145,0.0,0.0,0.0,0.0,0.0,9.880735518305977,0.0,3,0.6,0.9218666666666667,2.0,1.0,0
212,21,34,2.25,-0.6923076923076923,0.2820512820512821,0.0,0.0,2.507274576623783,2.239436870294547,5,1.0,0.7801,4.25,0.7548387096774194,0
212,22,121,1.5384615384615385,-0.48295454545454547,0.3393939393939393,0.0,0.0,3.3414298582944637,0.6797113905753644,5,1.0,0.7801,3.5384615384615383,0.7848577940739273,0
212,23,82,0.0,-0.11904761904761912,-0.10588235294117639,0.0,-1.0,4.021045473590699,0.714682063767341,5,1.0,0.7801,2.0,0.7100709407942717,0
212,24,11,-0.12121212121212122,-0.015843429636533003,-0.16152450090744105,0.0,0.0,12.855242079317348,0.9348364574342073,5,1.0,0.7801,1.878787878787879,0.9441777173996942,0
214,21,142,0.0,0.0,0.0,0.0,0.0,17.841021498983768,0.0,5,1.0,0.8680200000000001,2.0,1.0,0
214,22,74,0.0,0.0,0.0,0.0,0.0,5.457803100192565,0.0,5,1.0,0.8680200000000001,2.0,1.0,0
214,23,70,0.0,0.0,0.0,0.0,0.0,4.460801509860653,0.0,5,1.0,0.8680200000000001,2.0,1.0,0
214,24,249,0.0,0.0,0.0,0.0,0.0,5.797835296124538,0.0,5,1.0,0.8680200000000001,2.0,1.0,0
219,21,134,0.0,0.0,0.0,0.0,0.0,1.351821885150108,0.0,2,0.4,0.9903500000000001,2.0,1.0,1
220,21,161,0.0,0.0,0.0,0.0,0.0,2.250781620431802,0.0,2,0.4,0.9763999999999999,2.0,1.0,1
221,21,64,0.0,0.0,0.0,0.0,0.0,7.622421190074553,0.0,3,0.6,0.9084,2.0,1.0,0
221,22,160,0.0,0.0,0.0,0.0,0.0,6.617953063842343,0.0,3,0.6,0.9084,2.0,1.0,0
223,21,189,0.0,0.0,0.0,0.0,0.0,0.3197081842817821,0.0,2,0.4,0.99915,2.0,1.0,1
224,21,149,0.0,0.0,0.0,0.0,0.0,0.65263725588944,0.0,3,0.6,0.9947333333333334,2.0,1.0,1
224,22,330,0.0,0.0,0.0,0.0,0.0,1.0002004801937538,0.0,3,0.6,0.9947333333333334,2.0,1.0,1
225,21,48,0.0,0.0,0.0,0.0,0.0,4.616188562820498,0.0,3,0.6,0.9725666666666667,2.0,1.0,0
225,22,399,0.0,0.0,0.0,0.0,0.0,0.8693881868638658,0.0,3,0.6,0.9725666666666667,2.0,1.0,0
229,21,180,0.0,0.0,0.0,0.0,0.0,6.87745224383804,0.0,2,0.4,0.9168000000000001,2.0,1.0,0
231,21,212,0.0,0.0,0.0,0.0,0.0,3.358652138790069,0.0,2,0.4,0.9662999999999999,2.0,1.0,0
232,21,27,0.0,0.0,0.0,0.0,0.0,3.518959074236023,0.23383770274647267,4,0.8,0.9259499999999999,2.0,1.0,1
232,22,508,0.0,0.0,0.0,0.0,0.0,2.339205080533817,0.11623653388594483,4,0.8,0.9259499999999999,2.0,1.0,1
232,23,171,0.0,0.0,0.0,0.0,0.0,3.6673746323651,-0.10279382816051608,4,0.8,0.9259499999999999,2.0,1.0,1
233,21,203,0.0,0.0,0.0,0.0,0.0,4.289414046811561,0.0,3,0.6,0.9393333333333334,2.0,1.0,1
233,22,282,0.0,0.0,0.0,0.0,0.0,4.16635517734141,0.0,3,0.6,0.9393333333333334,2.0,1.0,1
234,21,139,0.0,0.0,0.0,0.0,0.0,12.026572226227229,0.0,5,1.0,0.8778600000000001,2.0,1.0,0
234,22,353,0.0,0.0,0.0,0.0,0.0,11.093005315224296,0.0,5,1.0,0.8778600000000001,2.0,1.0,0
234,23,92,0.0,0.0,0.0,0.0,0.0,13.69090336941813,0.0,5,1.0,0.8778600000000001,2.0,1.0,0
234,24,220,0.0,0.0,0.0,0.0,0.0,11.026873102503751,0.0,5,1.0,0.8778600000000001,2.0,1.0,0
237,21,39,0.0,0.0,0.0,0.0,0.0,3.8506029525868684,0.0,2,0.4,0.98295,2.0,1.0,0
238,21,15,0.0,0.0,0.0,0.0,0.0,4.775188744471009,-0.6985292276925755,3,0.6,0.9104333333333333,2.0,1.0,1
238,22,411,0.0,0.0,0.0,0.0,0.0,2.5426826392214084,0.1827482315706024,3,0.6,0.9104333333333333,2.0,1.0,1
240,21,94,0.0,0.0,0.0,0.0,0.0,4.283711088264012,0.0,3,0.6,0.9392999999999999,2.0,1.0,0
240,22,224,0.0,0.0,0.0,0.0,0.0,3.9456769668518987,0.0,3,0.6,0.9392999999999999,2.0,1.0,0
248,21,114,0.0,0.0,0.0,0.0,0.0,13.298610405576484,-0.06321372363943974,3,0.6,0.8651,2.0,1.0,0
248,22,235,0.0,0.0,0.0,0.0,0.0,11.33138342731612,0.4098018544262787,3,0.6,0.8651,2.0,1.0,0
253,21,132,0.0,0.0,0.0,0.0,0.0,14.269478165932474,0.0,2,0.4,0.92665,2.0,1.0,0
254,21,205,0.0,0.0,0.0,0.0,0.0,11.43069068830137,9.587807541629564,4,0.8,0.85185,2.0,1.0,0
254,22,410,0.0,0.0,0.0,0.0,0.0,11.086057985027825,-0.9280926176377899,4,0.8,0.85185,2.0,1.0,0
254,23,150,0.0,0.0,0.0,0.0,0.0,4.930248321431676,0.598516656385328,4,0.8,0.85185,2.0,1.0,0
257,21,206,0.0,0.0,0.0,0.0,0.0,17.66768855256712,0.0,5,1.0,0.85396,2.0,1.0,0
257,22,455,0.0,0.0,0.0,0.0,0.0,13.518352478487772,0.0,5,1.0,0.85396,2.0,1.0,0
257,23,158,0.0,0.0,0.0,0.0,0.0,19.213209199546846,0.0,5,1.0,0.85396,2.0,1.0,0
257,24,64,0.0,0.0,0.0,0.0,0.0,16.68914897015592,0.0,5,1.0,0.85396,2.0,1.0,0
258,21,101,0.0,0.0,0.0,0.0,0.0,0.23470316761826746,0.0,2,0.4,0.9996,2.0,1.0,1
260,21,107,0.0,0.0,0.0,0.0,0.0,0.1675069673072103,0.0,2,0.4,0.9998,2.0,1.0,1
261,21,133,0.0,0.0,0.0,0.0,0.0,6.451120972039068,0.0,5,1.0,0.92978,2.0,1.0,0
261,22,523,0.0,0.0,0.0,0.0,0.0,10.313917804876446,0.0,5,1.0,0.92978,2.0,1.0,0
261,23,205,0.0,0.0,0.0,0.0,0.0,13.620473288758879,0.0,5,1.0,0.92978,2.0,1.0,0
261,24,35,0.0,0.0,0.0,0.0,0.0,9.56935273957262,0.0,5,1.0,0.92978,2.0,1.0,0
262,21,145,0.0,0.0,0.0,0.0,0.0,18.95059804214121,0.0,4,0.8,0.88805,2.0,1.0,0
262,22,480,0.0,0.0,0.0,0.0,0.0,9.64385051494876,0.0,4,0.8,0.88805,2.0,1.0,0
262,23,135,0.0,0.0,0.0,0.0,0.0,12.027934956038534,0.0,4,0.8,0.88805,2.0,1.0,0
263,21,75,0.0,0.0,0.0,0.0,0.0,4.649093977610266,0.0,3,0.6,0.9566333333333333,2.0,1.0,0
263,22,293,0.0,0.0,0.0,0.0,0.0,2.936134069477288,0.0,3,0.6,0.9566333333333333,2.0,1.0,0
264,21,28,0.0,0.0,0.0,0.0,0.0,0.5740245478621545,0.0,3,0.6,0.9982333333333333,2.0,1.0,1
264,22,363,0.0,0.0,0.0,0.0,0.0,0.34636007001791475,0.0,3,0.6,0.9982333333333333,2.0,1.0,1
267,21,25,0.0,0.0,0.0,0.0,0.0,4.245884498401815,0.0,2,0.4,0.9531499999999999,2.0,1.0,0
270,21,155,0.0,0.0,0.0,0.0,0.0,12.680426575051118,0.0,3,0.6,0.8976999999999999,2.0,1.0,0
270,22,114,0.0,0.0,0.0,0.0,0.0,14.306424459484365,0.0,3,0.6,0.8976999999999999,2.0,1.0,0
272,21,219,0.0,0.0,0.0,0.0,0.0,4.053575884151287,0.0,3,0.6,0.9441333333333333,2.0,1.0,0
272,22,458,0.0,0.0,0.0,0.0,0.0,3.5098573171537,0.0,3,0.6,0.9441333333333333,2.0,1.0,0
273,21,105,0.0,0.0,0.0,0.0,0.0,2.7187449034156472,0.0,3,0.6,0.9592666666666667,2.0,1.0,0
273,22,428,0.0,0.0,0.0,0.0,0.0,4.941690904372016,0.0,3,0.6,0.9592666666666667,2.0,1.0,0
274,21,214,0.0,0.0,0.0,0.0,0.0,3.8804409508530013,0.0,2,0.4,0.96285,2.0,1.0,0
275,21,49,0.0,0.0,0.0,0.0,0.0,2.427456791008124,0.0,2,0.4,0.97445,2.0,1.0,1
276,21,55,0.0,0.0,0.0,0.0,0.0,4.432847140584452,0.0,3,0.6,0.9694666666666666,2.0,1.0,0
276,22,215,0.0,0.0,0.0,0.0,0.0,1.1293393001735936,0.0,3,0.6,0.9694666666666666,2.0,1.0,0
277,21,3,0.0,0.0,0.0,0.0,0.0,14.579349488763528,0.0,3,0.6,0.8802666666666666,2.0,1.0,0
277,22,378,0.0,0.0,0.0,0.0,0.0,13.45776010191633,0.0,3,0.6,0.8802666666666666,2.0,1.0,0
278,21,63,0.0,0.0,0.0,0.0,0.0,0.6684743630067449,0.0,3,0.6,0.9974333333333334,2.0,1.0,1
278,22,196,0.0,0.0,0.0,0.0,0.0,0.2359259699211351,0.0,3,0.6,0.9974333333333334,2.0,1.0,1
280,21,93,0.0,0.0,0.0,0.0,0.0,5.871364974569363,0.0,2,0.4,0.93325,2.0,1.0,0
281,21,154,0.0,0.0,0.0,0.0,0.0,2.2435844659282482,0.0,2,0.4,0.9756,2.0,1.0,1
282,21,234,0.0,0.0,0.0,0.0,0.0,15.807477624303898,0.0,3,0.6,0.8922333333333333,2.0,1.0,1
282,22,292,0.0,0.0,0.0,0.0,0.0,0.23552460813791598,0.0,3,0.6,0.8922333333333333,2.0,1.0,1
283,21,183,0.0,0.0,0.0,0.0,0.0,2.4598203538337975,0.0,5,1.0,0.96272,2.0,1.0,0
283,22,472,0.0,0.0,0.0,0.0,0.0,2.2262878925444856,0.0,5,1.0,0.96272,2.0,1.0,0
283,23,180,0.0,0.0,0.0,0.0,0.0,1.2556569211459154,0.0,5,1.0,0.96272,2.0,1.0,0
283,24,224,0.0,0.0,0.0,0.0,0.0,1.2598057243897882,0.0,5,1.0,0.96272,2.0,1.0,0
284,21,22,0.0,0.0,0.0,0.0,0.0,1.933712957974041,0.0,2,0.4,0.9908,2.0,1.0,0
286,21,185,0.0,0.0,0.0,0.0,0.0,12.106402031653742,0.0,3,0.6,0.9603666666666667,2.0,1.0,0
286,22,305,0.0,0.0,0.0,0.0,0.0,6.6773681919826595,0.0,3,0.6,0.9603666666666667,2.0,1.0,0
287,21,169,0.0,0.0,0.0,0.0,0.0,1.020242869280792,0.0,3,0.6,0.9953333333333333,2.0,1.0,1
287,22,319,0.0,0.0,0.0,0.0,0.0,0.37100140131869963,0.0,3,0.6,0.9953333333333333,2.0,1.0,1
288,21,156,0.0,0.0,0.0,0.0,0.0,13.977284120211445,0.0,2,0.4,0.90665,2.0,1.0,0
290,21,88,0.0,0.0,0.0,0.0,0.0,0.40754481986844876,0.0,4,0.8,0.997325,2.0,1.0,1
290,22,528,0.0,0.0,0.0,0.0,0.0,0.2505880913494431,0.0,4,0.8,0.997325,2.0,1.0,1
290,23,119,0.0,0.0,0.0,0.0,0.0,0.6874243191195373,0.0,4,0.8,0.997325,2.0,1.0,1
291,21,136,0.0,0.0,0.0,0.0,0.0,0.35231044941342055,0.0,2,0.4,0.99905,2.0,1.0,1
292,21,74,0.0,0.0,0.0,0.0,0.0,12.761238429902734,0.0,3,0.6,0.967,2.0,1.0,0
292,22,296,0.0,0.0,0.0,0.0,0.0,4.015474542765618,0.0,3,0.6,0.967,2.0,1.0,0
293,21,200,0.0,0.0,0.0,0.0,0.0,15.249004169932345,0.0,3,0.6,0.858,2.0,1.0,0
293,22,185,0.0,0.0,0.0,0.0,0.0,16.1101733133839,0.0,3,0.6,0.858,2.0,1.0,0
296,21,224,0.0,0.0,0.0,0.0,0.0,3.1128248836808194,0.0,3,0.6,0.968,2.0,1.0,0
296,22,423,0.0,0.0,0.0,0.0,0.0,3.5857351179753145,0.0,3,0.6,0.968,2.0,1.0,0
298,21,222,0.0,0.0,0.0,0.0,0.0,4.453339797516766,0.0,2,0.4,0.9701,2.0,1.0,0
299,21,230,0.0,0.0,0.0,0.0,0.0,23.93747972010813,0.0,3,0.6,0.8828,2.0,1.0,0
299,22,44,0.0,0.0,0.0,0.0,0.0,6.416946296493283,0.0,3,0.6,0.8828,2.0,1.0,0
300,21,130,0.0,0.0,0.0,0.0,0.0,4.730461062615481,0.0,3,0.6,0.9699,2.0,1.0,0
300,22,287,0.0,0.0,0.0,0.0,0.0,3.822472250914414,0.0,3,0.6,0.9699,2.0,1.0,0
301,21,40,0.0,0.0,0.0,0.0,0.0,5.368534712255101,0.0,3,0.6,0.9357333333333333,2.0,1.0,1
301,22,331,0.0,0.0,0.0,0.0,0.0,3.6665109746697686,0.0,3,0.6,0.9357333333333333,2.0,1.0,1
302,21,120,0.0,0.0,0.0,0.0,0.0,5.002891347221608,0.0,2,0.4,0.9501,2.0,1.0,1
303,21,209,0.0,0.0,0.0,0.0,0.0,7.712656576025618,0.0,5,1.0,0.8930800000000001,2.0,1.0,0
303,22,490,0.0,0.0,0.0,0.0,0.0,6.108466263960098,0.0,5,1.0,0.8930800000000001,2.0,1.0,0
303,23,190,0.0,0.0,0.0,0.0,0.0,6.906883060289338,0.0,5,1.0,0.8930800000000001,2.0,1.0,0
303,24,184,0.0,0.0,0.0,0.0,0.0,6.0819872868819465,0.0,5,1.0,0.8930800000000001,2.0,1.0,0
304,21,201,0.0,0.0,0.0,0.0,0.0,2.625168976815017,0.0,4,0.8,0.95565,2.0,1.0,0
304,22,350,0.0,0.0,0.0,0.0,0.0,3.8124774671517945,0.0,4,0.8,0.95565,2.0,1.0,0
304,23,78,0.0,0.0,0.0,0.0,0.0,3.5720853628882803,0.0,4,0.8,0.95565,2.0,1.0,0
307,21,35,0.0,0.0,0.0,0.0,0.0,11.575942920174112,0.0,2,0.4,0.9642,2.0,1.0,0
308,21,151,0.0,0.0,0.0,0.0,0.0,8.354675064483313,0.0,2,0.4,0.89505,2.0,1.0,0
309,21,191,0.0,0.0,0.0,0.0,0.0,1.9602306543548278,0.0,3,0.6,0.9894666666666666,2.0,1.0,0
309,22,468,0.0,0.0,0.0,0.0,0.0,0.8273257341336456,0.0,3,0.6,0.9894666666666666,2.0,1.0,0
310,21,135,0.0,0.0,0.0,0.0,0.0,4.738705812970124,0.0,3,0.6,0.9209333333333333,2.0,1.0,0
310,22,336,0.0,0.0,0.0,0.0,0.0,16.484734917113602,0.0,3,0.6,0.9209333333333333,2.0,1.0,0
311,21,2,0.0,0.0,0.0,0.0,0.0,9.408138448937443,0.0,2,0.4,0.97515,2.0,1.0,0
312,21,157,0.0,0.0,0.0,0.0,0.0,0.5877457808292513,0.0,3,0.6,0.9967666666666667,2.0,1.0,1
312,22,425,0.0,0.0,0.0,0.0,0.0,0.5971833896921898,0.0,3,0.6,0.9967666666666667,2.0,1.0,1
314,21,159,0.0,0.0,0.0,0.0,0.0,9.684383255248251,0.0,5,1.0,0.9340599999999999,2.0,1.0,0
314,22,152,0.0,0.0,0.0,0.0,0.0,1.4987483718198107,0.0,5,1.0,0.9340599999999999,2.0,1.0,0
314,23,183,0.0,0.0,0.0,0.0,0.0,1.7294778193969151,0.0,5,1.0,0.9340599999999999,2.0,1.0,0
314,24,163,0.0,0.0,0.0,0.0,0.0,2.337755985634072,0.0,5,1.0,0.9340599999999999,2.0,1.0,0
315,21,81,0.0,0.0,0.0,0.0,0.0,1.3907444102476525,0.0,2,0.4,0.9908,2.0,1.0,1
316,21,168,0.0,0.0,0.0,0.0,0.0,0.3435333544096102,0.0,3,0.6,0.9992666666666666,2.0,1.0,1
316,22,449,0.0,0.0,0.0,0.0,0.0,0.21297886964729065,0.0,3,0.6,0.9992666666666666,2.0,1.0,1
317,21,144,0.5,-0.33333333333333337,0.33333333333333326,0.0,0.0,9.703062592162839,-0.838222797645046,4,0.8,0.8690249999999999,2.5,0.8181818181818181,0
317,22,344,0.0,0.0,0.0,0.0,0.0,17.944404708837165,4.278209131882506,4,0.8,0.8690249999999999,2.0,1.0,0
317,23,112,0.0,0.0,0.0,0.0,0.0,12.699883407601343,-0.223206443131218,4,0.8,0.8690249999999999,2.0,1.0,0
318,21,178,0.0,0.0,0.0,0.0,0.0,4.117219745252599,0.0,3,0.6,0.9463666666666667,2.0,1.0,0
318,22,463,0.0,0.0,0.0,0.0,0.0,5.964826131576957,0.0,3,0.6,0.9463666666666667,2.0,1.0,0
319,21,72,0.0,0.0,0.0,0.0,0.0,1.0340224385411552,0.0,3,0.6,0.9951,2.0,1.0,1
319,22,473,0.0,0.0,0.0,0.0,0.0,0.23679220873157844,0.0,3,0.6,0.9951,2.0,1.0,1
320,21,186,0.0,0.0,0.0,0.0,0.0,11.042347329192662,0.0,3,0.6,0.9264,2.0,1.0,0
320,22,262,0.0,0.0,0.0,0.0,0.0,11.048331024230638,0.0,3,0.6,0.9264,2.0,1.0,0
321,21,36,0.0,0.0,0.0,0.0,0.0,3.849804812445484,0.0,5,1.0,0.93794,2.0,1.0,0
321,22,244,0.0,0.0,0.0,0.0,0.0,3.1885471821287266,0.0,5,1.0,0.93794,2.0,1.0,0
321,23,45,0.0,0.0,0.0,0.0,0.0,3.7691879970216724,0.0,5,1.0,0.93794,2.0,1.0,0
321,24,245,0.0,0.0,0.0,0.0,0.0,4.727242186182034,0.0,5,1.0,0.93794,2.0,1.0,0
322,21,124,0.0,0.0,0.0,0.0,0.0,5.563700292412469,0.0,3,0.6,0.9228999999999999,2.0,1.0,0
322,22,437,0.0,0.0,0.0,0.0,0.0,3.102778107530458,0.0,3,0.6,0.9228999999999999,2.0,1.0,0
323,21,228,0.0,0.0,0.0,0.0,0.0,5.492121592768778,0.0,4,0.8,0.939975,2.0,1.0,0
323,22,104,0.0,0.0,0.0,0.0,0.0,5.039847043546253,0.0,4,0.8,0.939975,2.0,1.0,0
323,23,15,0.0,0.0,0.0,0.0,0.0,6.586586630843269,0.0,4,0.8,0.939975,2.0,1.0,0
324,21,167,0.0,0.0,0.0,0.0,0.0,5.721827334615478,0.0,2,0.4,0.9214,2.0,1.0,1
325,21,80,0.0,0.0,0.0,0.0,0.0,3.8964299514078538,0.0,3,0.6,0.9986333333333333,2.0,1.0,0
325,22,393,0.0,0.0,0.0,0.0,0.0,2.3326830085413524,0.0,3,0.6,0.9986333333333333,2.0,1.0,0
326,21,211,0.0,0.0,0.0,0.0,0.0,4.097947099857531,0.0,3,0.6,0.9464,2.0,1.0,0
326,22,516,0.0,0.0,0.0,0.0,0.0,5.099500602069379,0.0,3,0.6,0.9464,2.0,1.0,0
330,22,10,5.454545454545454,-0.857981220657277,-0.13239436619718306,0.0,-0.8889141299409359,3.227807607134796,0.6734166381733098,3,0.6,0.8232666666666666,7.454545454545454,0.6148435887447835,0
330,23,2,-0.22535211267605634,0.26048362411998766,-0.05487012987012987,0.0,0.3067484662576688,2.8697595025576224,-0.19782902157083984,3,0.6,0.8232666666666666,1.7746478873239437,0.8282482982478533,1
331,22,156,0.0,0.0,0.0,0.0,0.0,10.27799601543747,-0.9246820148311146,2,0.4,0.83115,2.0,1.0,1
332,22,40,-0.1951219512195122,0.1234687298517085,-0.13570487483530955,0.2424242424242424,-1.0,5.000742396408305,-0.527400049553475,2,0.4,0.88205,1.8048780487804879,0.7043619909502263,1
333,22,532,0.0,0.0,0.0,0.0,0.0,4.576110304490178,0.0,4,0.8,0.9091,2.0,1.0,0
333,23,185,0.0,0.0,0.0,0.0,0.0,6.228552909515448,0.0,4,0.8,0.9091,2.0,1.0,0
333,24,173,0.0,0.0,0.0,0.0,0.0,4.32284065468692,0.0,4,0.8,0.9091,2.0,1.0,0
337,22,278,0.0,0.0,0.0,0.0,0.0,0.2368590929124939,0.0,2,0.4,0.9995499999999999,2.0,1.0,1
339,22,347,0.0,0.0,0.0,0.0,0.0,11.847798038255869,0.0,4,0.8,0.8926499999999999,2.0,1.0,0
339,23,160,0.0,0.0,0.0,0.0,0.0,11.435643961870799,0.0,4,0.8,0.8926499999999999,2.0,1.0,0
339,24,214,0.0,0.0,0.0,0.0,0.0,4.96393382873231,0.0,4,0.8,0.8926499999999999,2.0,1.0,0
342,22,379,0.0,0.0,0.0,0.0,0.0,8.56029530674547,0.0,2,0.4,0.9621999999999999,2.0,1.0,0
349,22,161,0.0,0.0,0.0,0.0,0.0,3.49316036670025,0.0,2,0.4,0.9824999999999999,2.0,1.0,0
353,22,84,-0.25,0.33333333333333326,-0.11111111111111108,0.0,0.0,15.042836655419604,1.2756575523976603,2,0.4,0.8443499999999999,1.75,0.8709677419354839,0
356,22,155,0.0,0.0,0.0,0.0,0.0,9.945654580045193,0.0,4,0.8,0.8804000000000001,2.0,1.0,0
356,23,19,0.0,0.0,0.0,0.0,0.0,12.24237928443064,0.0,4,0.8,0.8804000000000001,2.0,1.0,0
356,24,42,0.0,0.0,0.0,0.0,0.0,12.743478266184292,0.0,4,0.8,0.8804000000000001,2.0,1.0,0
357,22,180,-0.2,0.24999999999999994,-0.06250000000000006,0.0,0.0,6.960283620312601,2.0037919893941853,2,0.4,0.8339,1.8,0.9056603773584905,0
358,22,95,0.0,0.0,0.0,0.0,0.0,10.067036183390604,0.0,2,0.4,0.96875,2.0,1.0,0
361,22,255,0.0,0.0,0.0,0.0,0.0,11.249516665171063,-0.46306000297384053,4,0.8,0.834275,2.0,1.0,0
361,23,143,0.0,0.0,0.0,0.0,0.0,9.55214252189654,0.5364605827252018,4,0.8,0.834275,2.0,1.0,0
361,24,94,0.0,0.0,0.0,0.0,0.0,9.196030204684288,-0.36737759224917466,4,0.8,0.834275,2.0,1.0,0
366,22,317,0.0,0.0,0.0,0.0,0.0,5.074029340120062,0.0,2,0.4,0.9307000000000001,2.0,1.0,0
369,22,247,0.0,0.0,0.0,0.0,0.0,6.021263222664358,0.0,2,0.4,0.95585,2.0,1.0,0
370,22,321,0.0,0.0,0.0,0.0,0.0,0.6123736065269756,0.0,2,0.4,0.9973000000000001,2.0,1.0,0
374,22,238,0.0,0.0,0.0,0.0,0.0,9.841636647351873,-0.6942425822608622,2,0.4,0.833,2.0,1.0,0
375,22,130,0.0,0.0,0.0,0.0,0.0,7.235526434673654,0.0,2,0.4,0.9855,2.0,1.0,0
376,22,280,0.0,0.0,0.0,0.0,0.0,0.5787508884114012,0.0,3,0.6,0.9977,2.0,1.0,1
376,23,145,0.0,0.0,0.0,0.0,0.0,0.30500607168965294,0.0,3,0.6,0.9977,2.0,1.0,1
378,22,502,0.0,0.0,0.0,0.0,0.0,23.862458150760745,0.0,2,0.4,0.9473,2.0,1.0,0
379,22,149,0.0,0.0,0.0,0.0,0.0,7.377195079347122,0.0,2,0.4,0.90215,2.0,1.0,0
380,22,494,0.0,0.0,0.0,0.0,0.0,3.956352470943378,0.0,3,0.6,0.9901,2.0,1.0,0
380,23,52,0.0,0.0,0.0,0.0,0.0,0.6667995378592132,0.0,3,0.6,0.9901,2.0,1.0,0
381,22,131,0.0,0.0,0.0,0.0,0.0,8.25229010331779,0.9440276901812346,4,0.8,0.851575,2.0,1.0,1
381,23,189,0.0,0.0,0.0,-1.0,0.0,6.546160400930306,-0.07915528922371559,4,0.8,0.851575,2.0,1.0,0
381,24,19,0.0,0.0,0.0,0.0,0.0,6.713802036888786,-0.04954138130693714,4,0.8,0.851575,2.0,1.0,0
382,22,534,0.0,0.0,0.0,0.0,0.0,10.509473399603035,0.0,3,0.6,0.8661666666666665,2.0,1.0,0
382,23,154,0.0,0.0,0.0,0.0,0.0,6.119446342126634,0.0,3,0.6,0.8661666666666665,2.0,1.0,0
383,22,531,0.0,0.0,0.0,0.0,0.0,5.572933234641459,0.0,4,0.8,0.9438249999999999,2.0,1.0,0
383,23,34,0.0,0.0,0.0,0.0,0.0,4.149784736488501,0.0,4,0.8,0.9438249999999999,2.0,1.0,0
383,24,109,0.0,0.0,0.0,0.0,0.0,7.282697395141427,0.0,4,0.8,0.9438249999999999,2.0,1.0,0
386,22,242,0.0,0.0,0.0,0.0,0.0,0.19868549133599395,0.0,2,0.4,0.9997,2.0,1.0,1
387,22,443,0.0,0.0,0.0,0.0,0.0,6.02450943553625,0.0,2,0.4,0.92265,2.0,1.0,0
390,22,308,0.0,0.0,0.0,0.0,0.0,7.927931701451877,0.0,2,0.4,0.9166000000000001,2.0,1.0,0
392,22,517,0.0,0.0,0.0,0.0,0.0,6.723872346564127,0.0,3,0.6,0.9182333333333333,2.0,1.0,0
392,23,73,0.0,0.0,0.0,0.0,0.0,4.654011699611661,0.0,3,0.6,0.9182333333333333,2.0,1.0,0
393,22,376,0.0,0.0,0.0,0.0,0.0,10.457531257918884,0.0,2,0.4,0.9016,2.0,1.0,0
394,22,103,0.0,0.0,0.0,0.0,0.0,2.7426028063109125,0.0,2,0.4,0.99925,2.0,1.0,0
395,22,520,0.0,0.0,0.0,0.0,0.0,7.211973130065296,0.0,2,0.4,0.9512,2.0,1.0,0
396,22,493,0.0,0.0,0.0,0.0,0.0,4.807486184957551,0.0,2,0.4,0.9585,2.0,1.0,0
397,22,380,0.0,0.0,0.0,0.0,0.0,3.602958838753335,0.0,2,0.4,0.977,2.0,1.0,0
398,22,527,0.0,0.0,0.0,0.0,0.0,5.410709813361626,0.0,2,0.4,0.94255,2.0,1.0,0
399,22,433,0.0,0.0,0.0,0.0,0.0,5.04982567983639,0.0,2,0.4,0.9209499999999999,2.0,1.0,0
401,22,203,0.0,0.0,0.0,0.0,0.0,8.084066067627612,0.0,2,0.4,0.90905,2.0,1.0,0
402,22,307,0.0,0.0,0.0,0.0,0.0,0.15490111294402684,0.0,2,0.4,0.9998,2.0,1.0,1
404,22,192,0.0,0.0,0.0,0.0,0.0,5.465361664118592,0.0,2,0.4,0.9328000000000001,2.0,1.0,0
406,22,340,0.0,0.0,0.0,0.0,0.0,2.078823926090689,0.0,2,0.4,0.9939,2.0,1.0,0
407,22,370,0.0,0.0,0.0,0.0,0.0,0.8848549283855969,0.0,2,0.4,0.99585,2.0,1.0,1
408,22,408,0.0,0.0,0.0,0.0,0.0,7.587520433069751,0.0,2,0.4,0.93285,2.0,1.0,0
409,22,359,0.0,0.0,0.0,0.0,0.0,5.18789756236277,0.0,2,0.4,0.9685,2.0,1.0,0
411,22,170,0.0,0.0,0.0,0.0,0.0,1.5284482983611936,0.0,2,0.4,0.99315,2.0,1.0,1
412,22,436,0.0,0.0,0.0,0.0,0.0,4.665900087687147,0.0,2,0.4,0.9677,2.0,1.0,0
413,22,525,0.0,0.0,0.0,0.0,0.0,5.765075041915753,0.0,2,0.4,0.95475,2.0,1.0,0
414,22,424,0.0,0.0,0.0,0.0,0.0,4.680302819081715,0.0,2,0.4,0.9491499999999999,2.0,1.0,0
415,22,354,0.0,0.0,0.0,0.0,0.0,4.791233208442444,0.0,2,0.4,0.9411499999999999,2.0,1.0,0
416,22,168,0.0,0.0,0.0,0.0,0.0,0.7051803778485906,0.0,2,0.4,0.99495,2.0,1.0,1
417,22,75,0.0,0.0,0.0,0.0,0.0,3.147793708825995,0.0,2,0.4,0.988,2.0,1.0,0
418,22,299,0.0,0.0,0.0,0.0,0.0,2.0904214211146512,0.0,2,0.4,0.9929,2.0,1.0,0
420,23,7,-0.5857142857142857,0.8536864164602782,-0.20410065237651442,-1.0,-1.0,5.601476707889593,-0.24487973515334133,2,0.4,0.78095,1.4142857142857144,0.5931447803495512,0
442,23,43,0.0,0.0,0.0,-1.0,0.0,14.658582366121047,0.0,3,0.6,0.8432,2.0,1.0,0
442,24,182,0.0,0.0,0.0,0.0,0.0,10.625383850990586,0.0,3,0.6,0.8432,2.0,1.0,0
449,23,10,-0.09090909090909091,0.10000000000000003,0.07555555555555567,0.0,0.0,4.430666994383124,0.03890902894102278,2,0.4,0.9561,1.9090909090909092,0.9447165850244925,0
454,23,181,0.0,0.0,0.0,0.0,0.0,15.342948350547118,0.0,2,0.4,0.8605499999999999,2.0,1.0,0
462,23,61,-0.2,0.24999999999999994,-0.25,0.0,0.0,17.893941894352015,-0.5235326004566102,3,0.6,0.9300333333333334,1.8,0.8571428571428571,0
462,24,198,0.0,0.0,0.0,0.0,0.0,18.30338640276029,0.011828606838009584,3,0.6,0.9300333333333334,2.0,1.0,0
477,23,56,0.0,0.0,-0.20000000000000007,0.0,0.0,8.28825514745039,-0.1735388351509369,2,0.4,0.8953,2.0,0.9375,0
490,23,113,0.0,0.0,-0.20000000000000007,0.0,0.0,20.4495273028691,0.10224902997407452,3,0.6,0.9222999999999999,2.0,0.9375,0
490,24,179,0.0,0.0,0.0,0.0,0.0,21.730142839802035,-0.6705150282484219,3,0.6,0.9222999999999999,2.0,1.0,0
491,23,50,2.111111111111111,-0.6666666666666666,-0.06632653061224504,0.0,0.0,10.522447305192653,0.18937639329922618,3,0.6,0.9380666666666667,4.111111111111111,0.8036446469248292,0
491,24,33,-0.17857142857142858,0.1739130434782609,-0.08196721311475402,0.0,0.0,6.965672016496701,-0.33911436562392894,3,0.6,0.9380666666666667,1.8214285714285714,0.9214098073555166,0
517,23,106,0.0,0.0,0.0,0.0,0.0,5.239793479879489,0.0,3,0.6,0.9019,2.0,1.0,0
517,24,7,0.0,0.0,0.0,0.0,0.0,5.940827151924851,0.0,3,0.6,0.9019,2.0,1.0,0
524,23,11,0.0,0.0,-0.20000000000000007,0.0,0.0,12.990224374322192,-0.6576278324520181,2,0.4,0.9229499999999999,2.0,0.9375,0
531,23,35,2.25,-0.6923076923076923,-0.09401709401709407,0.0,0.0,11.11697556452047,-0.3113570010158501,2,0.4,0.92315,4.25,0.7923250564334086,0
532,23,167,0.0,0.0,0.0,0.0,0.0,7.251189991346708,0.0,2,0.4,0.915,2.0,1.0,0
534,23,8,0.0,0.0,0.0,0.0,0.0,12.917743224205708,0.0,2,0.4,0.9170499999999999,2.0,1.0,0
539,23,165,0.0,0.0,-0.19999999999999996,0.0,0.0,11.812404775600445,-0.7125158998066431,3,0.6,0.9303333333333333,2.0,0.9375,0
539,24,121,-0.2,0.24999999999999994,-0.06250000000000006,0.0,0.0,7.773380201527835,0.6481372411002616,3,0.6,0.9303333333333333,1.8,0.9056603773584905,0
574,23,20,0.0,0.0,0.0,0.0,0.0,11.928465031225258,-0.6698428419346202,2,0.4,0.8505,2.0,1.0,0
582,23,62,0.0,0.0,0.0,0.0,0.0,8.233601508901208,-0.10035826972857062,2,0.4,0.9682999999999999,2.0,1.0,0
585,23,114,0.0,0.0,0.0,0.0,0.0,56.7431576692132,0.0,2,0.4,0.88315,2.0,1.0,0
588,23,86,0.0,0.0,0.0,-1.0,0.0,5.183683068729867,6.556840899857064,3,0.6,0.7952666666666667,2.0,1.0,0
588,24,160,0.0,0.0,0.0,0.0,0.0,5.640568482436798,0.06450640214035973,3,0.6,0.7952666666666667,2.0,1.0,0
592,23,66,0.2,-0.16666666666666677,-0.16666666666666663,0.0,0.0,12.803582878702658,0.4190349075250853,2,0.4,0.93475,2.2,0.8999999999999999,0
595,23,203,0.0,0.0,0.0,0.0,0.0,1.8112761561030688,0.0,3,0.6,0.9767,2.0,1.0,0
595,24,205,0.0,0.0,0.0,0.0,0.0,2.5349433500516696,0.0,3,0.6,0.9767,2.0,1.0,0
598,23,152,0.0,0.0,0.0,0.0,0.0,8.276059887589906,0.0,2,0.4,0.9094,2.0,1.0,0
601,23,122,-0.14285714285714285,0.16666666666666666,-0.02777777777777768,0.0,0.0,6.969924330143585,1.0247234739742654,3,0.6,0.8159666666666667,1.8571428571428572,0.9391304347826086,0
601,24,146,0.0,0.0,0.0,0.0,0.0,8.617164168334385,-0.17098140400580927,3,0.6,0.8159666666666667,2.0,1.0,0
602,23,32,0.0,0.0,0.0,0.0,0.0,6.046596855268684,0.0,3,0.6,0.8985,2.0,1.0,0
602,24,247,0.0,0.0,0.0,0.0,0.0,9.635953585333736,0.0,3,0.6,0.8985,2.0,1.0,0
619,23,166,0.0,0.0,0.0,0.0,0.0,13.473397489929386,0.0,3,0.6,0.8744,2.0,1.0,0
619,24,106,0.0,0.0,0.0,0.0,0.0,15.75499163392866,0.0,3,0.6,0.8744,2.0,1.0,0
625,23,72,0.0,0.0,-0.20000000000000007,0.0,0.0,10.320826356753724,1.0775050511579212,2,0.4,0.8506,2.0,0.9375,0
632,23,74,0.0,0.0,-0.20000000000000007,0.0,0.0,13.027292295621008,-0.3979289567421315,3,0.6,0.9203,2.0,0.9375,0
632,24,53,0.0,0.0,0.0,0.0,0.0,10.655259884346469,0.19886865918716304,3,0.6,0.9203,2.0,1.0,0
636,23,85,0.0,0.0,0.0,0.0,0.0,14.98108479094452,0.0,3,0.6,0.9079333333333333,2.0,1.0,0
636,24,67,0.0,0.0,0.0,0.0,0.0,11.156487863588431,0.0,3,0.6,0.9079333333333333,2.0,1.0,0
639,23,89,0.0,0.0,0.0,0.0,0.0,10.756910134637705,2.969107376901215,3,0.6,0.8132999999999999,2.0,1.0,0
639,24,80,0.0,0.0,0.0,0.0,0.0,9.852051250796665,-0.5960537168963574,3,0.6,0.8132999999999999,2.0,1.0,0
654,23,125,0.0,0.0,0.0,0.0,0.0,9.228841887439067,0.0,2,0.4,0.9452499999999999,2.0,1.0,0
656,23,116,0.0,0.0,0.0,-1.0,0.0,8.192575773623167,-0.12935193109773957,2,0.4,0.8379,2.0,1.0,0
657,23,164,0.0,0.0,0.0,0.0,0.0,7.114349323969234,0.0,3,0.6,0.8894333333333333,2.0,1.0,0
657,24,15,0.0,0.0,0.0,0.0,0.0,6.340402397874558,0.0,3,0.6,0.8894333333333333,2.0,1.0,0
662,23,147,0.0,0.0,0.0,0.0,0.0,12.302475675183603,0.0,2,0.4,0.94245,2.0,1.0,0
670,23,168,0.0,0.0,0.0,0.0,0.0,6.779628171558658,0.0,3,0.6,0.8735333333333334,2.0,1.0,0
670,24,128,0.0,0.0,0.0,0.0,0.0,8.765706351305237,0.0,3,0.6,0.8735333333333334,2.0,1.0,0
671,23,16,0.0,0.0,0.0,0.0,0.0,8.236798959704531,0.0,2,0.4,0.96875,2.0,1.0,0
685,23,123,0.0,0.0,0.0,0.0,0.0,5.963464685699994,0.0,2,0.4,0.9340999999999999,2.0,1.0,0
686,23,182,0.0,0.0,0.0,0.0,0.0,4.137579863103171,0.0,2,0.4,0.97295,2.0,1.0,1
687,23,193,0.0,0.0,0.0,0.0,0.0,5.462719536733291,0.0,3,0.6,0.8925000000000001,2.0,1.0,1
687,24,59,0.0,0.0,0.0,0.0,0.0,5.599672686037756,0.0,3,0.6,0.8925000000000001,2.0,1.0,1
689,23,88,0.0,0.0,0.0,-1.0,0.0,0.6456322266942454,0.0,3,0.6,0.8573,2.0,1.0,0
689,24,76,0.0,0.0,0.0,0.0,0.0,4.500383234378933,0.0,3,0.6,0.8573,2.0,1.0,0
692,23,179,0.0,0.0,0.0,0.0,0.0,13.087540963682565,0.0,3,0.6,0.8823666666666666,2.0,1.0,0
692,24,103,0.0,0.0,0.0,0.0,0.0,13.515884549149375,0.0,3,0.6,0.8823666666666666,2.0,1.0,0
696,23,127,0.0,0.0,0.0,0.0,0.0,7.205702253279351,0.0,2,0.4,0.88235,2.0,1.0,0
701,23,188,0.0,0.0,0.0,0.0,0.0,13.006177775446245,0.0,2,0.4,0.9269499999999999,2.0,1.0,0
703,23,103,0.0,0.0,0.0,0.0,0.0,9.971924708941913,0.0,2,0.4,0.9291,2.0,1.0,0
708,23,108,0.0,0.0,0.0,0.0,0.0,14.995742414369637,0.0,3,0.6,0.8391000000000001,2.0,1.0,0
708,24,92,0.0,0.0,0.0,0.0,0.0,17.084524413699,0.0,3,0.6,0.8391000000000001,2.0,1.0,0
719,23,155,0.0,0.0,0.0,0.0,0.0,5.907662112544304,0.0,2,0.4,0.9203,2.0,1.0,0
721,23,136,0.0,0.0,0.0,0.0,0.0,18.21917290527946,0.0,2,0.4,0.90215,2.0,1.0,0
722,23,184,0.0,0.0,0.0,0.0,0.0,1.6556743621517391,0.0,3,0.6,0.9704333333333333,2.0,1.0,0
722,24,50,0.0,0.0,0.0,0.0,0.0,4.998349348247754,0.0,3,0.6,0.9704333333333333,2.0,1.0,0
724,23,133,0.0,0.0,0.0,0.0,0.0,13.678834482435528,0.0,2,0.4,0.9464,2.0,1.0,0
726,23,110,0.0,0.0,0.0,0.0,0.0,3.083028071831831,0.0,2,0.4,0.9796,2.0,1.0,0
727,23,95,0.0,0.0,0.0,0.0,0.0,8.522860701199429,0.0,2,0.4,0.8735999999999999,2.0,1.0,1
729,23,3,0.0,0.0,0.0,0.0,0.0,19.10587103972739,0.0,3,0.6,0.8748333333333335,2.0,1.0,0
729,24,158,0.0,0.0,0.0,0.0,0.0,13.714533288297377,0.0,3,0.6,0.8748333333333335,2.0,1.0,0
731,23,55,0.0,0.0,0.0,-1.0,0.0,11.023067727156526,0.0,2,0.4,0.84665,2.0,1.0,0
736,23,111,0.0,0.0,0.0,0.0,0.0,13.728890950417215,4.137385033505406,2,0.4,0.8589,2.0,1.0,0
737,23,13,0.0,0.0,0.0,0.0,0.0,2.10109895509894,0.0,3,0.6,0.9657,2.0,1.0,1
737,24,171,0.0,0.0,0.0,0.0,0.0,1.3840949890194076,0.0,3,0.6,0.9657,2.0,1.0,1
741,23,201,0.0,0.0,0.0,1.0,0.0,3.195750265342419,-0.9743089401194069,3,0.6,0.8249666666666666,2.0,1.0,1
741,24,95,0.5,-0.33333333333333337,0.33333333333333326,0.0,0.0,4.22335832762232,41.67558830545848,3,0.6,0.8249666666666666,2.5,0.8181818181818181,1
742,23,31,0.0,0.0,0.0,0.0,0.0,4.330656425975444,0.0,3,0.6,0.9443333333333334,2.0,1.0,0
742,24,215,0.0,0.0,0.0,0.0,0.0,8.711460980796673,0.0,3,0.6,0.9443333333333334,2.0,1.0,0
745,23,129,0.0,0.0,0.0,0.0,0.0,4.627845243118961,0.0,3,0.6,0.9325666666666667,2.0,1.0,1
745,24,90,0.0,0.0,0.0,0.0,0.0,2.210075199542633,0.0,3,0.6,0.9325666666666667,2.0,1.0,1
746,23,151,0.0,0.0,0.0,0.0,0.0,2.7695138498327143,0.0,2,0.4,0.9674,2.0,1.0,0
749,23,105,0.0,0.0,0.0,0.0,0.0,8.35454860151625,0.0,2,0.4,0.9319500000000001,2.0,1.0,0
753,23,77,0.0,0.0,0.0,0.0,0.0,21.633002433751386,0.0,2,0.4,0.9723999999999999,2.0,1.0,0
754,23,59,0.0,0.0,0.0,0.0,0.0,6.402258049603949,0.0,3,0.6,0.9115666666666667,2.0,1.0,0
754,24,226,0.0,0.0,0.0,0.0,0.0,4.736501244281909,0.0,3,0.6,0.9115666666666667,2.0,1.0,0
756,23,162,0.0,0.0,0.0,0.0,0.0,14.819984298849121,0.0,3,0.6,0.8676,2.0,1.0,0
756,24,180,0.0,0.0,0.0,0.0,0.0,19.02958459646358,0.0,3,0.6,0.8676,2.0,1.0,0
761,23,206,0.0,0.0,0.0,0.0,0.0,3.459991873205695,0.0,2,0.4,0.90845,2.0,1.0,1
762,23,128,0.0,0.0,0.0,0.0,0.0,6.001147925678262,0.0,2,0.4,0.9460999999999999,2.0,1.0,0
763,23,98,0.0,0.0,0.0,0.0,0.0,2.8167703457906743,0.0,2,0.4,0.9857,2.0,1.0,0
765,23,141,0.0,0.0,0.0,0.0,0.0,4.573713838967288,0.0,2,0.4,0.94235,2.0,1.0,0
766,23,39,0.0,0.0,0.0,0.0,0.0,10.899752269857405,0.0,3,0.6,0.9049333333333333,2.0,1.0,0
766,24,186,0.0,0.0,0.0,0.0,0.0,15.438031911982595,0.0,3,0.6,0.9049333333333333,2.0,1.0,0
767,23,107,0.0,0.0,0.0,0.0,0.0,19.687011682607864,0.0,2,0.4,0.8971,2.0,1.0,0
768,23,142,0.0,0.0,0.0,0.0,0.0,11.918041433729115,0.0,3,0.6,0.927,2.0,1.0,0
768,24,199,0.0,0.0,0.0,0.0,0.0,14.536757053208564,0.0,3,0.6,0.927,2.0,1.0,0
771,23,137,0.0,0.0,0.0,0.0,0.0,14.829871928085295,0.0,2,0.4,0.87595,2.0,1.0,0
772,23,199,0.0,0.0,0.0,0.0,0.0,1.8060221806717887,0.0,3,0.6,0.9543666666666667,2.0,1.0,0
772,24,204,0.0,0.0,0.0,0.0,0.0,2.200033542496547,0.0,3,0.6,0.9543666666666667,2.0,1.0,0
774,23,159,0.0,0.0,0.0,0.0,0.0,2.8625303418547006,0.0,3,0.6,0.9522666666666666,2.0,1.0,0
774,24,101,0.0,0.0,0.0,0.0,0.0,5.993544931997364,0.0,3,0.6,0.9522666666666666,2.0,1.0,0
775,23,149,0.0,0.0,0.0,0.0,0.0,22.913557821285202,0.0,2,0.4,0.8849,2.0,1.0,0
777,23,21,0.0,0.0,0.0,0.0,0.0,3.5848739653151447,0.0,3,0.6,0.9646333333333333,2.0,1.0,1
777,24,114,0.0,0.0,0.0,0.0,0.0,4.274350189808858,0.0,3,0.6,0.9646333333333333,2.0,1.0,1
783,23,4,0.0,0.0,0.0,0.0,0.0,3.556449457313208,0.0,3,0.6,0.9456000000000001,2.0,1.0,0
783,24,151,0.0,0.0,0.0,0.0,0.0,3.4161913794265804,0.0,3,0.6,0.9456000000000001,2.0,1.0,0
786,23,60,0.0,0.0,0.0,0.0,0.0,7.295970066146446,0.0,3,0.6,0.9170999999999999,2.0,1.0,0
786,24,112,0.0,0.0,0.0,0.0,0.0,10.229731077162903,0.0,3,0.6,0.9170999999999999,2.0,1.0,0
788,23,175,0.0,0.0,0.0,0.0,0.0,9.766619782992201,0.0,2,0.4,0.9586,2.0,1.0,0
789,23,163,0.0,0.0,0.0,0.0,0.0,28.395861807266265,0.0,2,0.4,0.89305,2.0,1.0,0
790,23,57,0.0,0.0,0.0,0.0,0.0,5.569075032744547,0.0,3,0.6,0.8894000000000001,2.0,1.0,0
790,24,153,0.0,0.0,0.0,0.0,0.0,5.216479457933951,0.0,3,0.6,0.8894000000000001,2.0,1.0,0
791,23,121,0.0,0.0,0.0,0.0,0.0,14.111608181262012,0.0,3,0.6,0.9387,2.0,1.0,0
791,24,235,0.0,0.0,0.0,0.0,0.0,10.396607778227073,0.0,3,0.6,0.9387,2.0,1.0,0
795,23,169,0.0,0.0,0.0,0.0,0.0,15.461914445861854,0.0,2,0.4,0.91435,2.0,1.0,0
797,23,75,0.0,0.0,0.0,0.0,0.0,6.14897158334764,0.0,2,0.4,0.94475,2.0,1.0,0
798,23,172,0.0,0.0,0.0,0.0,0.0,1.4784658113595668,0.0,2,0.4,0.98385,2.0,1.0,0
799,23,93,0.0,0.0,0.0,0.0,0.0,5.2671267465798355,0.0,2,0.4,0.94905,2.0,1.0,0
800,23,144,0.0,0.0,0.0,0.0,0.0,1.996678597237073,0.0,2,0.4,0.9783,2.0,1.0,1
801,23,204,0.0,0.0,0.0,0.0,0.0,5.088118180509837,0.0,2,0.4,0.9488,2.0,1.0,0
802,23,138,0.0,0.0,0.0,0.0,0.0,7.385987564888718,0.0,2,0.4,0.9225,2.0,1.0,0
803,23,207,0.0,0.0,0.0,0.0,0.0,4.884808516954999,0.0,3,0.6,0.9539,2.0,1.0,0
803,24,123,0.0,0.0,0.0,0.0,0.0,2.724080362201122,0.0,3,0.6,0.9539,2.0,1.0,0
804,23,191,0.0,0.0,0.0,0.0,0.0,8.342126893881158,0.0,3,0.6,0.9272333333333332,2.0,1.0,0
804,24,40,0.0,0.0,0.0,0.0,0.0,5.289116734282786,0.0,3,0.6,0.9272333333333332,2.0,1.0,0
811,24,9,1.3076923076923077,-0.5517241379310345,0.11944444444444449,-0.1333333333333334,0.0,3.568083819178566,1.4012383521295413,2,0.4,0.8947499999999999,3.3076923076923075,0.8171784903592768,1
818,24,3,-0.27450980392156865,0.37837837837837845,-0.03773584905660385,0.0,0.0,4.717030926195983,0.3956001271093909,2,0.4,0.8443,1.7254901960784315,0.8781907747424988,0
822,24,161,0.0,0.0,0.0,0.0,0.0,10.937234272536873,0.0,2,0.4,0.94145,2.0,1.0,0
823,24,130,0.0,0.0,0.0,0.0,0.0,7.69256406366196,1.1666821257217281,2,0.4,0.9076,2.0,1.0,0
828,24,12,1.25,-0.5032679738562091,0.20634920634920637,0.0,0.0,5.865895742324064,-0.27468818666105116,2,0.4,0.8811,3.25,0.8087087842939844,1
830,24,23,-0.125,0.19860627177700352,0.10751104565537549,0.0,0.0,15.698626371275905,-0.08159202265927636,2,0.4,0.9632499999999999,1.875,0.9074088158280729,0
831,24,54,-0.2857142857142857,0.4000000000000001,-0.008333333333333219,0.0,0.0,8.472263053978878,-0.20347210593684045,2,0.4,0.9633499999999999,1.7142857142857142,0.880195599022005,0
834,24,157,0.0,0.0,0.0,-1.0,0.0,10.558434498959599,0.5938271568040351,2,0.4,0.8474999999999999,2.0,1.0,0
835,24,110,0.0,0.0,0.0,0.0,0.0,22.520402875002365,-0.49149436776241495,2,0.4,0.9299999999999999,2.0,1.0,0
837,24,16,-0.4,0.6666666666666665,-0.07407407407407406,0.0,0.0,4.605779690449515,0.018156184217171245,2,0.4,0.8454999999999999,1.6,0.801980198019802,1
838,24,174,0.0,0.0,0.0,-1.0,0.0,8.00456796737991,-0.1719774664027546,2,0.4,0.82575,2.0,1.0,0
839,24,203,0.0,0.0,0.0,0.0,0.0,5.624866394856507,0.0,2,0.4,0.9936499999999999,2.0,1.0,0
841,24,116,0.0,0.0,0.0,0.0,0.0,10.651167657385644,1.515847379814845,2,0.4,0.9550000000000001,2.0,1.0,0
844,24,201,0.0,0.0,0.0,0.0,0.0,4.552533043513985,0.0,2,0.4,0.95025,2.0,1.0,0
846,24,176,0.0,0.0,0.0,0.0,0.0,29.11805655763271,0.0,2,0.4,0.9708,2.0,1.0,0
847,24,230,0.0,0.0,0.0,0.0,0.0,8.306518898533794,0.0,2,0.4,0.90025,2.0,1.0,0
849,24,49,0.0,0.0,0.0,0.0,0.0,1.373036035910614,0.0,2,0.4,0.9877,2.0,1.0,1
850,24,39,0.0,0.0,0.0,0.0,0.0,7.745640708017516,0.0,2,0.4,0.92075,2.0,1.0,0
851,24,77,0.0,0.0,0.0,0.0,0.0,17.65532690437644,0.16328508084339086,2,0.4,0.89045,2.0,1.0,0
855,24,38,3.5,-0.7777777777777778,0.2962962962962963,0.0,0.0,6.033523889187802,0.44689330139624667,2,0.4,0.91605,5.5,0.7363636363636363,0
862,24,5,0.0,0.0,0.0,0.0,0.0,11.548983160469371,0.0,2,0.4,0.9305,2.0,1.0,0
865,24,79,0.0,0.0,0.0,0.0,0.0,34.90756224041161,0.0,2,0.4,0.9189499999999999,2.0,1.0,0
866,24,135,0.0,0.0,0.0,0.0,0.0,4.421609137209984,0.0,2,0.4,0.9573,2.0,1.0,1
867,24,129,0.0,0.0,0.0,0.0,0.0,14.309069192959887,0.0,2,0.4,0.8896999999999999,2.0,1.0,0
869,24,75,0.0,0.0,0.0,0.0,0.0,10.723523898575314,0.0,2,0.4,0.92865,2.0,1.0,0
870,24,139,0.0,0.0,0.0,0.0,0.0,15.667335964491725,0.0,2,0.4,0.9091,2.0,1.0,0
874,24,60,0.0,0.0,0.0,0.0,0.0,6.783955253577042,0.0,2,0.4,0.9209499999999999,2.0,1.0,0
875,24,212,0.0,0.0,0.0,0.0,0.0,53.28923355110517,0.0,2,0.4,0.9309000000000001,2.0,1.0,0
876,24,166,0.0,0.0,0.0,0.0,0.0,12.534950676662056,0.0,2,0.4,0.90735,2.0,1.0,0
877,24,13,0.0,0.0,0.0,0.0,0.0,6.692985837364378,0.0,2,0.4,0.9677,2.0,1.0,0
878,24,117,0.0,0.0,0.0,0.0,0.0,6.763101788337072,0.0,2,0.4,0.92765,2.0,1.0,0
879,24,144,0.0,0.0,0.0,0.0,0.0,6.449611402564651,0.0,2,0.4,0.91355,2.0,1.0,0
