,,pcid,previous_community,current_community,score
20,0,0,,0,1.0
20,1,1,,1,1.0
20,2,2,,2,1.0
20,3,3,,3,1.0
20,4,4,,4,1.0
20,5,5,,5,1.0
20,15,6,,15,1.0
20,7,7,,7,1.0
20,8,8,,8,1.0
20,9,9,,9,1.0
20,10,10,,10,1.0
20,11,11,,11,1.0
20,12,12,,12,1.0
20,13,13,,13,1.0
20,14,14,,14,1.0
20,16,15,,16,1.0
20,17,16,,17,1.0
20,18,17,,18,1.0
20,19,18,,19,1.0
20,20,19,,20,1.0
20,21,20,,21,1.0
20,22,21,,22,1.0
20,23,22,,23,1.0
20,24,23,,24,1.0
20,25,24,,25,1.0
20,26,25,,26,1.0
20,27,26,,27,1.0
20,28,27,,28,1.0
20,29,28,,29,1.0
20,30,29,,30,1.0
20,31,30,,31,1.0
20,32,31,,32,1.0
20,91,32,,91,1.0
20,34,33,,34,1.0
20,35,34,,35,1.0
20,36,35,,36,1.0
20,37,36,,37,1.0
20,38,37,,38,1.0
20,39,38,,39,1.0
20,40,39,,40,1.0
20,41,40,,41,1.0
20,43,41,,43,1.0
20,44,42,,44,1.0
20,45,43,,45,1.0
20,46,44,,46,1.0
20,47,45,,47,1.0
20,48,46,,48,1.0
20,49,47,,49,1.0
20,50,48,,50,1.0
20,51,49,,51,1.0
20,52,50,,52,1.0
20,53,51,,53,1.0
20,54,52,,54,1.0
20,55,53,,55,1.0
20,56,54,,56,1.0
20,57,55,,57,1.0
20,58,56,,58,1.0
20,59,57,,59,1.0
20,60,58,,60,1.0
20,61,59,,61,1.0
20,62,60,,62,1.0
20,63,61,,63,1.0
20,65,62,,65,1.0
20,66,63,,66,1.0
20,67,64,,67,1.0
20,68,65,,68,1.0
20,69,66,,69,1.0
20,70,67,,70,1.0
20,71,68,,71,1.0
20,72,69,,72,1.0
20,73,70,,73,1.0
20,75,71,,75,1.0
20,76,72,,76,1.0
20,77,73,,77,1.0
20,78,74,,78,1.0
20,79,75,,79,1.0
20,80,76,,80,1.0
20,81,77,,81,1.0
20,82,78,,82,1.0
20,83,79,,83,1.0
20,84,80,,84,1.0
20,85,81,,85,1.0
20,86,82,,86,1.0
20,87,83,,87,1.0
20,88,84,,88,1.0
20,89,85,,89,1.0
20,90,86,,90,1.0
20,92,87,,92,1.0
20,93,88,,93,1.0
20,94,89,,94,1.0
20,95,90,,95,1.0
20,96,91,,96,1.0
20,97,92,,97,1.0
20,98,93,,98,1.0
20,99,94,,99,1.0
20,100,95,,100,1.0
20,101,96,,101,1.0
20,102,97,,102,1.0
20,103,98,,103,1.0
20,104,99,,104,1.0
20,105,100,,105,1.0
20,106,101,,106,1.0
20,107,102,,107,1.0
20,108,103,,108,1.0
20,109,104,,109,1.0
20,110,105,,110,1.0
20,111,106,,111,1.0
20,112,107,,112,1.0
20,113,108,,113,1.0
20,114,109,,114,1.0
20,115,110,,115,1.0
20,116,111,,116,1.0
20,117,112,,117,1.0
20,118,113,,118,1.0
20,119,114,,119,1.0
20,120,115,,120,1.0
20,121,116,,121,1.0
20,122,117,,122,1.0
20,123,118,,123,1.0
20,124,119,,124,1.0
20,125,120,,125,1.0
20,126,121,,126,1.0
20,127,122,,127,1.0
20,128,123,,128,1.0
20,129,124,,129,1.0
20,130,125,,130,1.0
20,131,126,,131,1.0
20,132,127,,132,1.0
20,133,128,,133,1.0
20,134,129,,134,1.0
20,135,130,,135,1.0
20,136,131,,136,1.0
20,137,132,,137,1.0
20,138,133,,138,1.0
20,139,134,,139,1.0
20,140,135,,140,1.0
20,141,136,,141,1.0
20,142,137,,142,1.0
20,143,138,,143,1.0
20,144,139,,144,1.0
20,145,140,,145,1.0
20,146,141,,146,1.0
20,147,142,,147,1.0
20,148,143,,148,1.0
20,149,144,,149,1.0
20,150,145,,150,1.0
20,151,146,,151,1.0
20,152,147,,152,1.0
20,153,148,,153,1.0
20,154,149,,154,1.0
20,155,150,,155,1.0
20,156,151,,156,1.0
20,157,152,,157,1.0
20,158,153,,158,1.0
20,159,154,,159,1.0
20,160,155,,160,1.0
20,161,156,,161,1.0
20,162,157,,162,1.0
20,163,158,,163,1.0
20,164,159,,164,1.0
20,165,160,,165,1.0
20,166,161,,166,1.0
20,167,162,,167,1.0
20,168,163,,168,1.0
20,169,164,,169,1.0
20,170,165,,170,1.0
20,171,166,,171,1.0
20,172,167,,172,1.0
20,173,168,,173,1.0
20,174,169,,174,1.0
20,175,170,,175,1.0
20,176,171,,176,1.0
20,177,172,,177,1.0
20,178,173,,178,1.0
20,179,174,,179,1.0
20,180,175,,180,1.0
20,181,176,,181,1.0
20,182,177,,182,1.0
20,183,178,,183,1.0
20,184,179,,184,1.0
20,185,180,,185,1.0
20,186,181,,186,1.0
20,187,182,,187,1.0
20,188,183,,188,1.0
20,189,184,,189,1.0
20,190,185,,190,1.0
20,191,186,,191,1.0
20,192,187,,192,1.0
20,193,188,,193,1.0
20,194,189,,194,1.0
20,195,190,,195,1.0
20,196,191,,196,1.0
20,197,192,,197,1.0
20,198,193,,198,1.0
20,199,194,,199,1.0
20,200,195,,200,1.0
20,201,196,,201,1.0
20,202,197,,202,1.0
20,203,198,,203,1.0
20,204,199,,204,1.0
20,205,200,,205,1.0
20,206,201,,206,1.0
20,207,202,,207,1.0
20,208,203,,208,1.0
20,209,204,,209,1.0
20,210,205,,210,1.0
20,211,206,,211,1.0
20,212,207,,212,1.0
20,213,208,,213,1.0
20,214,209,,214,1.0
20,215,210,,215,1.0
20,216,211,,216,1.0
20,217,212,,217,1.0
20,218,213,,218,1.0
20,219,214,,219,1.0
20,220,215,,220,1.0
20,221,216,,221,1.0
20,222,217,,222,1.0
20,223,218,,223,1.0
20,224,219,,224,1.0
20,225,220,,225,1.0
20,226,221,,226,1.0
20,227,222,,227,1.0
20,228,223,,228,1.0
20,229,224,,229,1.0
20,230,225,,230,1.0
20,231,226,,231,1.0
20,232,227,,232,1.0
20,233,228,,233,1.0
20,234,229,,234,1.0
20,235,230,,235,1.0
20,236,231,,236,1.0
20,237,232,,237,1.0
20,238,233,,238,1.0
20,239,234,,239,1.0
20,240,235,,240,1.0
20,241,236,,241,1.0
20,242,237,,242,1.0
20,243,238,,243,1.0
20,244,239,,244,1.0
20,245,240,,245,1.0
20,246,241,,246,1.0
20,247,242,,247,1.0
20,248,243,,248,1.0
20,249,244,,249,1.0
20,250,245,,250,1.0
20,251,246,,251,1.0
20,252,247,,252,1.0
20,253,248,,253,1.0
20,254,249,,254,1.0
20,255,250,,255,1.0
20,256,251,,256,1.0
20,257,252,,257,1.0
20,258,253,,258,1.0
20,259,254,,259,1.0
20,260,255,,260,1.0
20,261,256,,261,1.0
20,262,257,,262,1.0
20,263,258,,263,1.0
20,264,259,,264,1.0
20,265,260,,265,1.0
20,266,261,,266,1.0
20,267,262,,267,1.0
20,268,263,,268,1.0
20,269,264,,269,1.0
20,270,265,,270,1.0
20,271,266,,271,1.0
20,272,267,,272,1.0
20,273,268,,273,1.0
20,274,269,,274,1.0
20,275,270,,275,1.0
20,276,271,,276,1.0
20,277,272,,277,1.0
20,278,273,,278,1.0
20,279,274,,279,1.0
20,280,275,,280,1.0
20,281,276,,281,1.0
20,282,277,,282,1.0
20,283,278,,283,1.0
20,284,279,,284,1.0
20,285,280,,285,1.0
20,286,281,,286,1.0
20,287,282,,287,1.0
20,288,283,,288,1.0
20,289,284,,289,1.0
20,290,285,,290,1.0
20,291,286,,291,1.0
20,292,287,,292,1.0
20,293,288,,293,1.0
20,294,289,,294,1.0
20,295,290,,295,1.0
20,296,291,,296,1.0
20,297,292,,297,1.0
20,298,293,,298,1.0
20,299,294,,299,1.0
20,300,295,,300,1.0
20,301,296,,301,1.0
20,302,297,,302,1.0
20,303,298,,303,1.0
20,304,299,,304,1.0
20,305,300,,305,1.0
20,306,301,,306,1.0
20,307,302,,307,1.0
20,308,303,,308,1.0
20,309,304,,309,1.0
20,310,305,,310,1.0
20,311,306,,311,1.0
20,312,307,,312,1.0
20,313,308,,313,1.0
20,314,309,,314,1.0
20,315,310,,315,1.0
20,316,311,,316,1.0
20,317,312,,317,1.0
20,318,313,,318,1.0
20,319,314,,319,1.0
20,320,315,,320,1.0
20,321,316,,321,1.0
20,322,317,,322,1.0
20,323,318,,323,1.0
20,324,319,,324,1.0
20,325,320,,325,1.0
20,326,321,,326,1.0
20,64,322,,64,1.0
20,33,323,,33,1.0
20,6,324,,6,1.0
20,42,325,,42,1.0
20,74,326,,74,1.0
21,177,151,156.0,177,0.846
21,17,55,57.0,17,0.7404
21,0,28,29.0,0,0.7503
21,56,161,166.0,56,0.7892
21,11,6,15.0,11,0.7182
21,22,284,289.0,22,0.9816
21,12,92,97.0,12,0.6561
21,87,18,19.0,87,0.8334
21,92,208,213.0,92,0.8113
21,18,11,11.0,18,0.8067
21,144,317,322.0,144,0.8271
21,89,156,161.0,89,0.6885
21,113,82,86.0,113,0.7172
21,9,15,16.0,9,0.8145
21,86,20,21.0,86,0.7826
21,135,310,315.0,135,0.9578
21,212,231,236.0,212,0.9326
21,30,21,22.0,30,0.6968
21,26,23,24.0,26,0.7079
21,131,25,26.0,131,0.6807
21,36,321,326.0,36,0.92
21,2,311,316.0,2,0.9503
21,40,301,306.0,40,0.9219
21,32,180,185.0,32,0.7809
21,52,66,69.0,52,0.6332
21,15,238,243.0,15,0.8072
21,145,262,267.0,145,0.815
21,85,138,143.0,85,0.8525
21,214,274,279.0,214,0.9257
21,19,38,39.0,19,0.9995
21,91,39,40.0,91,0.7532
21,181,40,41.0,181,0.8638
21,53,42,44.0,53,0.8975
21,27,232,237.0,27,0.8758
21,71,111,116.0,71,0.7501
21,72,319,324.0,72,0.986
21,67,49,51.0,67,0.9962
21,69,50,52.0,69,0.9985
21,133,261,266.0,133,0.9668
21,117,147,152.0,117,0.7769
21,3,277,282.0,3,0.8037
21,35,307,312.0,35,0.9284
21,140,56,58.0,140,0.7163
21,157,312,317.0,157,0.9951
21,162,119,124.0,162,0.8291
21,233,62,65.0,233,0.9994
21,63,278,283.0,63,0.9931
21,219,272,277.0,219,0.9008
21,168,316,321.0,168,0.9984
21,139,234,239.0,139,0.843
21,119,84,88.0,119,0.8645
21,126,71,75.0,126,0.8726
21,95,130,135.0,95,0.9857
21,70,74,78.0,70,0.6628
21,61,110,115.0,61,0.8901
21,237,79,83.0,237,0.8871
21,169,287,292.0,169,0.9876
21,149,224,229.0,149,0.9939
21,171,85,89.0,171,0.824
21,132,253,258.0,132,0.8533
21,76,93,98.0,76,0.9952
21,99,95,100.0,99,0.9367
21,180,229,234.0,180,0.8336
21,59,174,179.0,59,0.7187
21,187,176,181.0,187,0.7876
21,170,100,105.0,170,0.8906
21,129,103,108.0,129,0.9455
21,134,219,224.0,134,0.9807
21,186,320,325.0,186,0.8899
21,101,258,263.0,101,0.9992
21,107,260,265.0,107,0.9996
21,29,114,119.0,29,0.8996
21,173,205,210.0,173,0.9639
21,48,225,230.0,48,0.9211
21,114,248,253.0,114,0.7696
21,234,282,287.0,234,0.6777
21,73,121,126.0,73,0.787
21,155,270,275.0,155,0.8522
21,183,283,288.0,183,0.9115
21,231,126,131.0,231,0.8915
21,220,127,132.0,220,0.8818
21,216,204,209.0,216,0.8504
21,163,132,137.0,163,0.9105
21,198,134,139.0,198,0.9634
21,108,158,163.0,108,0.9324
21,5,136,141.0,5,0.8081
21,41,137,142.0,41,0.7037
21,120,302,307.0,120,0.9002
21,165,141,146.0,165,0.758
21,58,142,147.0,58,0.9419
21,178,318,323.0,178,0.9438
21,44,148,153.0,44,0.8273
21,191,309,314.0,191,0.9734
21,74,292,297.0,74,0.9101
21,235,159,164.0,235,0.8703
21,204,165,170.0,204,0.9711
21,115,166,171.0,115,0.856
21,124,322,64.0,124,0.8306
21,14,194,199.0,14,0.9103
21,21,171,176.0,21,0.7347
21,201,304,309.0,201,0.9672
21,10,178,183.0,10,0.7895
21,28,264,269.0,28,0.9961
21,31,177,182.0,31,0.9066
21,68,182,187.0,68,0.9445
21,174,183,188.0,174,0.9502
21,215,184,189.0,215,0.9725
21,184,187,192.0,184,0.7899
21,161,220,225.0,161,0.9528
21,96,191,196.0,96,0.6866
21,81,315,320.0,81,0.9816
21,232,202,207.0,232,0.9986
21,102,197,202.0,102,0.7419
21,208,206,211.0,208,0.9685
21,93,280,285.0,93,0.8665
21,34,212,217.0,34,0.754
21,142,214,219.0,142,0.7713
21,80,325,42.0,80,0.997
21,64,221,226.0,64,0.831
21,205,254,259.0,205,0.7289
21,189,223,228.0,189,0.9983
21,185,286,291.0,185,0.9101
21,55,276,281.0,55,0.9235
21,203,233,238.0,203,0.9075
21,39,237,242.0,39,0.9659
21,94,240,245.0,94,0.9044
21,88,290,295.0,88,0.9975
21,136,291,296.0,136,0.9981
21,167,324,6.0,167,0.8428
21,206,257,262.0,206,0.7692
21,75,263,268.0,75,0.9076
21,25,267,272.0,25,0.9063
21,105,273,278.0,105,0.9738
21,49,275,280.0,49,0.9489
21,154,281,286.0,154,0.9512
21,156,288,293.0,156,0.8133
21,200,293,298.0,200,0.7484
21,224,296,301.0,224,0.958
21,222,298,303.0,222,0.9402
21,230,299,304.0,230,0.6754
21,130,300,305.0,130,0.9528
21,209,303,308.0,209,0.8132
21,151,308,313.0,151,0.7901
21,159,314,319.0,159,0.7919
21,228,323,33.0,228,0.9279
21,211,326,74.0,211,0.9132
21,1,327,,1,1.0
21,4,328,,4,1.0
21,7,329,,7,1.0
21,79,330,,79,1.0
21,13,331,,13,1.0
21,16,332,,16,1.0
21,20,333,,20,1.0
21,23,334,,23,1.0
21,33,335,,33,1.0
21,37,336,,37,1.0
21,38,337,,38,1.0
21,42,338,,42,1.0
21,43,339,,43,1.0
21,45,340,,45,1.0
21,46,341,,46,1.0
21,47,342,,47,1.0
21,50,343,,50,1.0
21,51,344,,51,1.0
21,54,345,,54,1.0
21,57,346,,57,1.0
21,60,347,,60,1.0
21,62,348,,62,1.0
21,65,349,,65,1.0
21,66,350,,66,1.0
21,77,351,,77,1.0
21,78,352,,78,1.0
21,82,353,,82,1.0
21,83,354,,83,1.0
21,90,355,,90,1.0
21,97,356,,97,1.0
21,98,357,,98,1.0
21,100,358,,100,1.0
21,103,359,,103,1.0
21,104,360,,104,1.0
21,109,361,,109,1.0
21,110,362,,110,1.0
21,111,363,,111,1.0
21,112,364,,112,1.0
21,116,365,,116,1.0
21,118,366,,118,1.0
21,121,367,,121,1.0
21,122,368,,122,1.0
21,125,369,,125,1.0
21,127,370,,127,1.0
21,128,371,,128,1.0
21,137,372,,137,1.0
21,138,373,,138,1.0
21,141,374,,141,1.0
21,143,375,,143,1.0
21,146,376,,146,1.0
21,147,377,,147,1.0
21,148,378,,148,1.0
21,150,379,,150,1.0
21,152,380,,152,1.0
21,153,381,,153,1.0
21,158,382,,158,1.0
21,160,383,,160,1.0
21,164,384,,164,1.0
21,166,385,,166,1.0
21,172,386,,172,1.0
21,175,387,,175,1.0
21,176,388,,176,1.0
21,179,389,,179,1.0
21,182,390,,182,1.0
21,188,391,,188,1.0
21,190,392,,190,1.0
21,192,393,,192,1.0
21,193,394,,193,1.0
21,194,395,,194,1.0
21,195,396,,195,1.0
21,196,397,,196,1.0
21,197,398,,197,1.0
21,199,399,,199,1.0
21,202,400,,202,1.0
21,207,401,,207,1.0
21,210,402,,210,1.0
21,213,403,,213,1.0
21,217,404,,217,1.0
21,218,405,,218,1.0
21,221,406,,221,1.0
21,223,407,,223,1.0
21,225,408,,225,1.0
21,226,409,,226,1.0
21,227,410,,227,1.0
21,229,411,,229,1.0
21,236,412,,236,1.0
21,6,413,,6,1.0
21,8,414,,8,1.0
21,106,415,,106,1.0
21,84,416,,84,1.0
21,24,417,,24,1.0
21,123,418,,123,1.0
22,121,212,34.0,121,0.6425
22,4,23,26.0,4,0.7051
22,355,180,32.0,355,0.8656
22,378,277,3.0,378,0.8371
22,494,380,152.0,494,0.9712
22,1,21,30.0,1,0.6792
22,37,82,113.0,37,0.8562
22,10,330,79.0,10,0.6946
22,18,161,56.0,18,0.7525
22,459,178,10.0,459,0.9503
22,25,92,12.0,25,0.7475
22,156,331,13.0,156,0.6623
22,350,304,201.0,350,0.9251
22,411,238,15.0,411,0.9241
22,40,332,16.0,40,0.7641
22,316,55,17.0,316,0.6745
22,36,38,19.0,36,0.9991
22,532,333,20.0,532,0.9225
22,318,84,119.0,318,0.8908
22,399,225,48.0,399,0.9966
22,460,103,129.0,460,0.8779
22,354,415,106.0,354,0.8823
22,508,232,27.0,508,0.9456
22,457,15,9.0,457,0.9319
22,428,273,105.0,428,0.904
22,463,318,178.0,463,0.8953
22,305,286,185.0,305,0.971
22,278,337,38.0,278,0.9991
22,525,413,6.0,525,0.9095
22,331,301,40.0,331,0.8853
22,195,137,41.0,195,0.791
22,292,282,234.0,292,0.999
22,347,339,43.0,347,0.8726
22,128,148,44.0,128,0.8598
22,262,320,186.0,262,0.8893
22,180,357,98.0,180,0.6678
22,379,342,47.0,379,0.9244
22,272,134,198.0,272,0.9626
22,219,127,220.0,219,0.9855
22,296,292,74.0,296,0.9909
22,531,383,160.0,531,0.9429
22,376,393,192.0,376,0.8032
22,317,366,118.0,317,0.8614
22,196,278,63.0,196,0.9992
22,160,221,64.0,160,0.8942
22,161,349,65.0,161,0.965
22,210,182,68.0,210,0.987
22,280,376,146.0,280,0.9947
22,109,74,70.0,109,0.7214
22,138,111,71.0,138,0.849
22,473,319,72.0,473,0.9993
22,118,121,73.0,118,0.7779
22,293,263,75.0,293,0.9623
22,524,93,76.0,524,0.9924
22,393,325,80.0,393,0.9989
22,437,322,124.0,437,0.9381
22,170,411,229.0,170,0.9863
22,84,353,82.0,84,0.6887
22,48,126,231.0,48,0.8355
22,68,18,87.0,68,0.711
22,528,290,88.0,528,0.999
22,9,156,89.0,9,0.7515
22,208,202,232.0,208,0.9992
22,217,39,91.0,217,0.6356
22,145,208,92.0,145,0.9543
22,527,398,197.0,527,0.8851
22,224,240,94.0,224,0.9135
22,487,130,95.0,487,0.9954
22,467,191,96.0,467,0.8903
22,155,356,97.0,155,0.8572
22,95,358,100.0,95,0.9375
22,330,224,149.0,330,0.9903
22,436,412,236.0,436,0.9354
22,3,25,131.0,3,0.6734
22,102,206,208.0,102,0.9388
22,255,361,109.0,255,0.7203
22,351,165,204.0,351,0.8294
22,375,147,117.0,375,0.9133
22,235,248,114.0,235,0.8257
22,49,166,115.0,49,0.9542
22,282,233,203.0,282,0.9105
22,307,402,210.0,307,0.9996
22,247,369,125.0,247,0.9117
22,321,370,127.0,321,0.9946
22,287,300,130.0,287,0.9569
22,57,176,187.0,57,0.8623
22,523,261,133.0,523,0.9225
22,336,310,135.0,336,0.805
22,227,132,163.0,227,0.953
22,353,234,139.0,353,0.8844
22,396,56,140.0,396,0.6699
22,238,374,141.0,238,0.666
22,74,214,142.0,74,0.8559
22,130,375,143.0,130,0.971
22,344,317,144.0,344,0.7317
22,480,262,145.0,480,0.883
22,201,204,216.0,201,0.872
22,502,378,148.0,502,0.8946
22,149,379,150.0,149,0.8043
22,516,326,211.0,516,0.926
22,131,381,153.0,131,0.7599
22,114,270,155.0,114,0.8409
22,425,312,157.0,425,0.9952
22,534,382,158.0,534,0.7575
22,152,314,159.0,152,0.9795
22,75,417,24.0,75,0.976
22,449,316,168.0,449,0.9994
22,319,287,169.0,319,0.9984
22,159,100,170.0,159,0.8959
22,476,85,171.0,476,0.809
22,242,386,172.0,242,0.9994
22,418,205,173.0,418,0.85
22,388,183,174.0,388,0.9275
22,443,387,175.0,443,0.8453
22,520,395,194.0,520,0.9024
22,426,151,177.0,426,0.8169
22,215,276,55.0,215,0.9849
22,137,40,181.0,137,0.8906
22,308,390,182.0,308,0.8332
22,472,283,183.0,472,0.9374
22,348,187,184.0,348,0.9061
22,517,392,190.0,517,0.857
22,468,309,191.0,468,0.995
22,103,394,193.0,103,0.9985
22,493,396,195.0,493,0.917
22,380,397,196.0,380,0.954
22,433,399,199.0,433,0.8419
22,185,293,200.0,185,0.8256
22,410,254,205.0,410,0.7384
22,455,257,206.0,455,0.8789
22,203,401,207.0,203,0.8181
22,490,303,209.0,490,0.916
22,244,321,36.0,244,0.9487
22,192,404,217.0,192,0.8656
22,458,272,219.0,458,0.9316
22,340,406,221.0,340,0.9878
22,299,418,123.0,299,0.9858
22,370,407,223.0,370,0.9917
22,423,296,224.0,423,0.946
22,408,408,225.0,408,0.8657
22,359,409,226.0,359,0.937
22,104,323,228.0,104,0.9385
22,44,299,230.0,44,0.973
22,233,62,233.0,233,0.9987
22,419,159,235.0,419,0.9548
22,302,79,237.0,302,0.877
22,341,136,5.0,341,0.9416
22,424,414,8.0,424,0.8983
22,168,416,84.0,168,0.9899
22,363,264,28.0,363,0.9986
22,0,419,,0,1.0
22,2,420,,2,1.0
22,5,421,,5,1.0
22,6,422,,6,1.0
22,7,423,,7,1.0
22,8,424,,8,1.0
22,11,425,,11,1.0
22,12,426,,12,1.0
22,13,427,,13,1.0
22,14,428,,14,1.0
22,15,429,,15,1.0
22,16,430,,16,1.0
22,17,431,,17,1.0
22,19,432,,19,1.0
22,21,433,,21,1.0
22,22,434,,22,1.0
22,23,435,,23,1.0
22,26,436,,26,1.0
22,27,437,,27,1.0
22,28,438,,28,1.0
22,29,439,,29,1.0
22,30,440,,30,1.0
22,31,441,,31,1.0
22,32,442,,32,1.0
22,33,443,,33,1.0
22,34,444,,34,1.0
22,35,445,,35,1.0
22,38,446,,38,1.0
22,39,447,,39,1.0
22,41,448,,41,1.0
22,42,449,,42,1.0
22,43,450,,43,1.0
22,45,451,,45,1.0
22,46,452,,46,1.0
22,47,453,,47,1.0
22,50,454,,50,1.0
22,51,455,,51,1.0
22,52,456,,52,1.0
22,53,457,,53,1.0
22,54,458,,54,1.0
22,55,459,,55,1.0
22,56,460,,56,1.0
22,58,461,,58,1.0
22,59,462,,59,1.0
22,60,463,,60,1.0
22,61,464,,61,1.0
22,62,465,,62,1.0
22,63,466,,63,1.0
22,64,467,,64,1.0
22,65,468,,65,1.0
22,66,469,,66,1.0
22,67,470,,67,1.0
22,69,471,,69,1.0
22,70,472,,70,1.0
22,71,473,,71,1.0
22,72,474,,72,1.0
22,73,475,,73,1.0
22,76,476,,76,1.0
22,77,477,,77,1.0
22,78,478,,78,1.0
22,79,479,,79,1.0
22,80,480,,80,1.0
22,81,481,,81,1.0
22,82,482,,82,1.0
22,83,483,,83,1.0
22,85,484,,85,1.0
22,86,485,,86,1.0
22,87,486,,87,1.0
22,88,487,,88,1.0
22,89,488,,89,1.0
22,90,489,,90,1.0
22,91,490,,91,1.0
22,92,491,,92,1.0
22,93,492,,93,1.0
22,94,493,,94,1.0
22,96,494,,96,1.0
22,97,495,,97,1.0
22,98,496,,98,1.0
22,99,497,,99,1.0
22,100,498,,100,1.0
22,101,499,,101,1.0
22,105,500,,105,1.0
22,106,501,,106,1.0
22,107,502,,107,1.0
22,108,503,,108,1.0
22,110,504,,110,1.0
22,111,505,,111,1.0
22,112,506,,112,1.0
22,113,507,,113,1.0
22,115,508,,115,1.0
22,116,509,,116,1.0
22,117,510,,117,1.0
22,119,511,,119,1.0
22,120,512,,120,1.0
22,122,513,,122,1.0
22,123,514,,123,1.0
22,124,515,,124,1.0
22,125,516,,125,1.0
22,126,517,,126,1.0
22,127,518,,127,1.0
22,129,519,,129,1.0
22,132,520,,132,1.0
22,133,521,,133,1.0
22,134,522,,134,1.0
22,135,523,,135,1.0
22,136,524,,136,1.0
22,139,525,,139,1.0
22,140,526,,140,1.0
22,141,527,,141,1.0
22,142,528,,142,1.0
22,143,529,,143,1.0
22,144,530,,144,1.0
22,146,531,,146,1.0
22,147,532,,147,1.0
22,148,533,,148,1.0
22,150,534,,150,1.0
22,151,535,,151,1.0
22,153,536,,153,1.0
22,154,537,,154,1.0
22,157,538,,157,1.0
22,158,539,,158,1.0
22,162,540,,162,1.0
22,163,541,,163,1.0
22,164,542,,164,1.0
22,165,543,,165,1.0
22,166,544,,166,1.0
22,167,545,,167,1.0
22,169,546,,169,1.0
22,171,547,,171,1.0
22,172,548,,172,1.0
22,173,549,,173,1.0
22,174,550,,174,1.0
22,175,551,,175,1.0
22,176,552,,176,1.0
22,177,553,,177,1.0
22,178,554,,178,1.0
22,179,555,,179,1.0
22,181,556,,181,1.0
22,182,557,,182,1.0
22,183,558,,183,1.0
22,184,559,,184,1.0
22,186,560,,186,1.0
22,187,561,,187,1.0
22,188,562,,188,1.0
22,189,563,,189,1.0
22,190,564,,190,1.0
22,191,565,,191,1.0
22,193,566,,193,1.0
22,194,567,,194,1.0
22,197,568,,197,1.0
22,198,569,,198,1.0
22,199,570,,199,1.0
22,200,571,,200,1.0
22,202,572,,202,1.0
22,204,573,,204,1.0
22,205,574,,205,1.0
22,206,575,,206,1.0
22,207,576,,207,1.0
22,209,577,,209,1.0
22,211,578,,211,1.0
22,212,579,,212,1.0
22,213,580,,213,1.0
22,214,581,,214,1.0
22,216,582,,216,1.0
22,218,583,,218,1.0
22,220,584,,220,1.0
22,221,585,,221,1.0
22,222,586,,222,1.0
22,223,587,,223,1.0
22,225,588,,225,1.0
22,226,589,,226,1.0
22,228,590,,228,1.0
22,229,591,,229,1.0
22,230,592,,230,1.0
22,231,593,,231,1.0
22,232,594,,232,1.0
22,234,595,,234,1.0
22,236,596,,236,1.0
22,237,597,,237,1.0
22,239,598,,239,1.0
22,240,599,,240,1.0
22,241,600,,241,1.0
22,243,601,,243,1.0
22,245,602,,245,1.0
22,246,603,,246,1.0
22,248,604,,248,1.0
22,249,605,,249,1.0
22,250,606,,250,1.0
22,251,607,,251,1.0
22,252,608,,252,1.0
22,253,609,,253,1.0
22,254,610,,254,1.0
22,256,611,,256,1.0
22,257,612,,257,1.0
22,258,613,,258,1.0
22,259,614,,259,1.0
22,260,615,,260,1.0
22,261,616,,261,1.0
22,263,617,,263,1.0
22,264,618,,264,1.0
22,265,619,,265,1.0
22,266,620,,266,1.0
22,267,621,,267,1.0
22,268,622,,268,1.0
22,269,623,,269,1.0
22,270,624,,270,1.0
22,271,625,,271,1.0
22,273,626,,273,1.0
22,274,627,,274,1.0
22,275,628,,275,1.0
22,276,629,,276,1.0
22,277,630,,277,1.0
22,279,631,,279,1.0
22,281,632,,281,1.0
22,283,633,,283,1.0
22,284,634,,284,1.0
22,285,635,,285,1.0
22,286,636,,286,1.0
22,288,637,,288,1.0
22,289,638,,289,1.0
22,290,639,,290,1.0
22,291,640,,291,1.0
22,294,641,,294,1.0
22,295,642,,295,1.0
22,297,643,,297,1.0
22,298,644,,298,1.0
22,300,645,,300,1.0
22,301,646,,301,1.0
22,303,647,,303,1.0
22,304,648,,304,1.0
22,306,649,,306,1.0
22,309,650,,309,1.0
22,310,651,,310,1.0
22,311,652,,311,1.0
22,312,653,,312,1.0
22,313,654,,313,1.0
22,314,655,,314,1.0
22,315,656,,315,1.0
22,320,657,,320,1.0
22,322,658,,322,1.0
22,323,659,,323,1.0
22,324,660,,324,1.0
22,325,661,,325,1.0
22,326,662,,326,1.0
22,327,663,,327,1.0
22,328,664,,328,1.0
22,329,665,,329,1.0
22,332,666,,332,1.0
22,333,667,,333,1.0
22,334,668,,334,1.0
22,335,669,,335,1.0
22,337,670,,337,1.0
22,338,671,,338,1.0
22,339,672,,339,1.0
22,342,673,,342,1.0
22,343,674,,343,1.0
22,345,675,,345,1.0
22,346,676,,346,1.0
22,349,677,,349,1.0
22,352,678,,352,1.0
22,356,679,,356,1.0
22,357,680,,357,1.0
22,358,681,,358,1.0
22,360,682,,360,1.0
22,361,683,,361,1.0
22,362,684,,362,1.0
22,364,685,,364,1.0
22,365,686,,365,1.0
22,366,687,,366,1.0
22,367,688,,367,1.0
22,368,689,,368,1.0
22,369,690,,369,1.0
22,371,691,,371,1.0
22,372,692,,372,1.0
22,373,693,,373,1.0
22,374,694,,374,1.0
22,377,695,,377,1.0
22,381,696,,381,1.0
22,382,697,,382,1.0
22,383,698,,383,1.0
22,384,699,,384,1.0
22,385,700,,385,1.0
22,386,701,,386,1.0
22,387,702,,387,1.0
22,389,703,,389,1.0
22,390,704,,390,1.0
22,391,705,,391,1.0
22,392,706,,392,1.0
22,394,707,,394,1.0
22,395,708,,395,1.0
22,397,709,,397,1.0
22,398,710,,398,1.0
22,400,711,,400,1.0
22,401,712,,401,1.0
22,402,713,,402,1.0
22,403,714,,403,1.0
22,404,715,,404,1.0
22,405,716,,405,1.0
22,406,717,,406,1.0
22,407,718,,407,1.0
22,409,719,,409,1.0
22,412,720,,412,1.0
22,413,721,,413,1.0
22,414,722,,414,1.0
22,415,723,,415,1.0
22,416,724,,416,1.0
22,417,725,,417,1.0
22,420,726,,420,1.0
22,421,727,,421,1.0
22,422,728,,422,1.0
22,427,729,,427,1.0
22,429,730,,429,1.0
22,430,731,,430,1.0
22,431,732,,431,1.0
22,432,733,,432,1.0
22,434,734,,434,1.0
22,435,735,,435,1.0
22,438,736,,438,1.0
22,439,737,,439,1.0
22,440,738,,440,1.0
22,441,739,,441,1.0
22,442,740,,442,1.0
22,444,741,,444,1.0
22,445,742,,445,1.0
22,446,743,,446,1.0
22,447,744,,447,1.0
22,448,745,,448,1.0
22,450,746,,450,1.0
22,451,747,,451,1.0
22,452,748,,452,1.0
22,453,749,,453,1.0
22,454,750,,454,1.0
22,456,751,,456,1.0
22,461,752,,461,1.0
22,462,753,,462,1.0
22,464,754,,464,1.0
22,465,755,,465,1.0
22,466,756,,466,1.0
22,469,757,,469,1.0
22,470,758,,470,1.0
22,471,759,,471,1.0
22,474,760,,474,1.0
22,475,761,,475,1.0
22,477,762,,477,1.0
22,478,763,,478,1.0
22,479,764,,479,1.0
22,481,765,,481,1.0
22,482,766,,482,1.0
22,483,767,,483,1.0
22,484,768,,484,1.0
22,485,769,,485,1.0
22,486,770,,486,1.0
22,488,771,,488,1.0
22,489,772,,489,1.0
22,491,773,,491,1.0
22,492,774,,492,1.0
22,495,775,,495,1.0
22,496,776,,496,1.0
22,497,777,,497,1.0
22,498,778,,498,1.0
22,499,779,,499,1.0
22,500,780,,500,1.0
22,501,781,,501,1.0
22,503,782,,503,1.0
22,504,783,,504,1.0
22,505,784,,505,1.0
22,506,785,,506,1.0
22,507,786,,507,1.0
22,509,787,,509,1.0
22,510,788,,510,1.0
22,511,789,,511,1.0
22,512,790,,512,1.0
22,513,791,,513,1.0
22,514,792,,514,1.0
22,515,793,,515,1.0
22,518,794,,518,1.0
22,519,795,,519,1.0
22,521,796,,521,1.0
22,522,797,,522,1.0
22,526,798,,526,1.0
22,529,799,,529,1.0
22,530,800,,530,1.0
22,533,801,,533,1.0
22,535,802,,535,1.0
22,24,803,,24,1.0
22,20,804,,20,1.0
23,35,531,146.0,35,0.8463
23,2,330,10.0,2,0.7752
23,7,420,2.0,7,0.5619
23,41,25,3.0,41,0.6471
23,5,23,4.0,5,0.6734
23,50,491,92.0,50,0.867
23,66,592,230.0,66,0.8695
23,120,137,195.0,120,0.8768
23,165,539,158.0,165,0.8943
23,154,382,534.0,154,0.841
23,112,317,344.0,112,0.9173
23,16,671,338.0,16,0.9375
23,13,737,439.0,13,0.9289
23,12,161,18.0,12,0.9186
23,74,632,281.0,74,0.8573
23,99,92,25.0,99,0.7013
23,113,490,91.0,113,0.8741
23,121,791,513.0,121,0.8848
23,27,55,316.0,27,0.7563
23,163,789,511.0,163,0.7861
23,86,588,225.0,86,0.5977
23,43,442,32.0,43,0.622
23,62,582,216.0,62,0.9366
23,24,82,37.0,24,0.6775
23,159,774,492.0,159,0.9757
23,171,232,508.0,171,0.8824
23,82,212,121.0,82,0.7143
23,39,766,482.0,39,0.9078
23,10,449,42.0,10,0.9122
23,61,462,59.0,61,0.89
23,149,775,495.0,149,0.7698
23,52,380,494.0,52,0.9991
23,152,598,239.0,152,0.8188
23,187,85,476.0,187,0.8714
23,181,454,50.0,181,0.7211
23,144,800,530.0,144,0.9566
23,67,39,217.0,67,0.6882
23,73,392,517.0,73,0.8977
23,72,625,271.0,72,0.7012
23,158,257,455.0,158,0.7887
23,174,74,109.0,174,0.6603
23,169,795,519.0,169,0.8287
23,178,18,68.0,178,0.6315
23,201,741,444.0,201,0.7536
23,122,601,243.0,122,0.653
23,202,93,524.0,202,0.9873
23,175,788,510.0,175,0.9172
23,70,214,74.0,70,0.8748
23,191,804,20.0,191,0.8694
23,56,477,77.0,56,0.7906
23,4,783,504.0,4,0.9209
23,57,790,512.0,57,0.8221
23,111,736,438.0,111,0.7178
23,125,654,313.0,125,0.8905
23,8,534,150.0,8,0.8341
23,157,56,396.0,157,0.8674
23,136,721,413.0,136,0.8043
23,93,799,529.0,93,0.8981
23,185,333,532.0,185,0.8195
23,15,323,104.0,15,0.8935
23,114,585,221.0,114,0.7663
23,75,797,522.0,75,0.8895
23,55,731,430.0,55,0.6933
23,206,761,475.0,206,0.8169
23,85,636,286.0,85,0.855
23,193,687,366.0,193,0.8536
23,118,121,118.0,118,0.6773
23,150,254,410.0,150,0.9401
23,188,701,386.0,188,0.8539
23,106,517,126.0,106,0.8832
23,45,321,244.0,45,0.9294
23,107,767,483.0,107,0.7942
23,3,729,427.0,3,0.7486
23,189,381,131.0,189,0.7818
23,11,524,136.0,11,0.8459
23,167,532,147.0,167,0.83
23,183,314,152.0,183,0.9616
23,19,356,155.0,19,0.8133
23,190,303,490.0,190,0.8831
23,151,746,450.0,151,0.9348
23,98,763,478.0,98,0.9714
23,182,686,365.0,182,0.9459
23,140,103,460.0,140,0.8335
23,180,283,472.0,180,0.9829
23,31,742,445.0,31,0.9685
23,38,180,355.0,38,0.9878
23,92,234,353.0,92,0.808
23,141,765,481.0,141,0.8847
23,135,262,480.0,135,0.8542
23,204,801,533.0,204,0.8976
23,20,574,205.0,20,0.701
23,119,290,528.0,119,0.9928
23,203,595,234.0,203,0.973
23,168,670,337.0,168,0.8061
23,103,703,389.0,103,0.8582
23,32,602,245.0,32,0.9289
23,164,657,320.0,164,0.8166
23,143,361,255.0,143,0.7988
23,184,722,414.0,184,0.9919
23,166,619,265.0,166,0.8167
23,145,376,280.0,145,0.9984
23,95,727,421.0,95,0.7472
23,89,639,290.0,89,0.6877
23,137,771,488.0,137,0.7519
23,205,261,523.0,205,0.8449
23,77,753,462.0,77,0.9448
23,116,656,315.0,116,0.6758
23,197,84,318.0,197,0.855
23,88,689,368.0,88,0.7958
23,147,662,326.0,147,0.8849
23,59,754,464.0,59,0.8358
23,34,383,531.0,34,0.9697
23,129,745,448.0,129,0.8633
23,207,803,24.0,207,0.8977
23,160,339,347.0,160,0.7997
23,78,304,350.0,78,0.9303
23,123,685,364.0,123,0.8682
23,179,692,372.0,179,0.8157
23,105,749,453.0,105,0.8639
23,127,696,381.0,127,0.7647
23,84,159,419.0,84,0.9521
23,108,708,395.0,108,0.7744
23,155,719,409.0,155,0.8406
23,133,724,416.0,133,0.8928
23,110,726,420.0,110,0.9592
23,176,151,426.0,176,0.8766
23,199,772,489.0,199,0.9435
23,162,756,466.0,162,0.8385
23,132,191,467.0,132,0.6948
23,128,762,477.0,128,0.8922
23,142,768,484.0,142,0.9083
23,21,777,497.0,21,0.9613
23,60,786,507.0,60,0.8621
23,172,798,526.0,172,0.9677
23,138,802,535.0,138,0.845
23,0,805,,0,1.0
23,1,806,,1,1.0
23,30,807,,30,1.0
23,6,808,,6,1.0
23,22,809,,22,1.0
23,14,810,,14,1.0
23,17,811,,17,1.0
23,18,812,,18,1.0
23,49,813,,49,1.0
23,23,814,,23,1.0
23,25,815,,25,1.0
23,26,816,,26,1.0
23,28,817,,28,1.0
23,29,818,,29,1.0
23,76,819,,76,1.0
23,33,820,,33,1.0
23,69,821,,69,1.0
23,36,822,,36,1.0
23,37,823,,37,1.0
23,40,824,,40,1.0
23,42,825,,42,1.0
23,53,826,,53,1.0
23,46,827,,46,1.0
23,47,828,,47,1.0
23,48,829,,48,1.0
23,58,830,,58,1.0
23,83,831,,83,1.0
23,64,832,,64,1.0
23,65,833,,65,1.0
23,68,834,,68,1.0
23,71,835,,71,1.0
23,102,836,,102,1.0
23,79,837,,79,1.0
23,80,838,,80,1.0
23,81,839,,81,1.0
23,87,840,,87,1.0
23,90,841,,90,1.0
23,91,842,,91,1.0
23,94,843,,94,1.0
23,96,844,,96,1.0
23,97,845,,97,1.0
23,100,846,,100,1.0
23,101,847,,101,1.0
23,104,848,,104,1.0
23,109,849,,109,1.0
23,115,850,,115,1.0
23,117,851,,117,1.0
23,124,852,,124,1.0
23,126,853,,126,1.0
23,130,854,,130,1.0
23,131,855,,131,1.0
23,134,856,,134,1.0
23,139,857,,139,1.0
23,146,858,,146,1.0
23,148,859,,148,1.0
23,153,860,,153,1.0
23,156,861,,156,1.0
23,161,862,,161,1.0
23,170,863,,170,1.0
23,173,864,,173,1.0
23,177,865,,177,1.0
23,186,866,,186,1.0
23,192,867,,192,1.0
23,194,868,,194,1.0
23,195,869,,195,1.0
23,196,870,,196,1.0
23,198,871,,198,1.0
23,200,872,,200,1.0
23,208,873,,208,1.0
23,209,874,,209,1.0
23,9,875,,9,1.0
23,44,876,,44,1.0
23,51,877,,51,1.0
23,54,878,,54,1.0
23,63,879,,63,1.0
24,17,161,12.0,17,0.908
24,23,830,58.0,23,0.9265
24,3,818,29.0,3,0.6886
24,38,855,131.0,38,0.8321
24,79,865,177.0,79,0.8379
24,33,491,50.0,33,0.9472
24,179,490,113.0,179,0.8928
24,54,831,83.0,54,0.9267
24,42,356,19.0,42,0.8511
24,9,811,17.0,9,0.7895
24,130,823,37.0,130,0.8152
24,160,588,86.0,160,0.7881
24,76,689,88.0,76,0.7761
24,245,321,45.0,245,0.8916
24,89,55,27.0,89,0.6358
24,212,875,9.0,212,0.8618
24,247,602,32.0,247,0.7666
24,5,862,161.0,5,0.861
24,161,822,36.0,161,0.8829
24,186,766,39.0,186,0.807
24,146,601,122.0,146,0.7949
24,40,804,191.0,40,0.9123
24,12,828,47.0,12,0.7622
24,11,212,82.0,11,0.7897
24,35,261,205.0,35,0.9147
24,153,790,57.0,153,0.8461
24,198,462,61.0,198,0.9001
24,121,539,165.0,121,0.8967
24,51,121,118.0,51,0.8424
24,110,835,71.0,110,0.86
24,157,834,68.0,157,0.695
24,249,214,70.0,249,0.8381
24,53,632,74.0,53,0.9036
24,176,846,100.0,176,0.9416
24,15,657,164.0,15,0.8517
24,16,837,79.0,16,0.691
24,174,838,80.0,174,0.6515
24,203,839,81.0,203,0.9873
24,101,774,159.0,101,0.8811
24,67,636,85.0,67,0.8688
24,80,639,89.0,80,0.7522
24,116,841,90.0,116,0.91
24,220,234,92.0,220,0.8539
24,50,722,184.0,50,0.9194
24,109,383,34.0,109,0.8627
24,59,687,193.0,59,0.8239
24,201,844,96.0,201,0.9005
24,144,879,63.0,144,0.8271
24,230,847,101.0,230,0.8005
24,7,517,106.0,7,0.8225
24,13,877,51.0,13,0.9354
24,49,849,109.0,49,0.9754
24,32,191,132.0,32,0.6647
24,39,850,115.0,39,0.8415
24,248,74,174.0,248,0.7797
24,77,851,117.0,77,0.7809
24,192,85,187.0,192,0.7963
24,132,137,120.0,132,0.8673
24,235,791,121.0,235,0.9313
24,151,783,4.0,151,0.9159
24,117,878,54.0,117,0.8553
24,90,745,129.0,90,0.9344
24,158,729,3.0,158,0.8759
24,106,619,166.0,106,0.8065
24,182,442,43.0,182,0.9076
24,205,595,203.0,205,0.9571
24,95,741,201.0,95,0.7213
24,163,314,183.0,163,0.9373
24,199,768,142.0,199,0.8727
24,94,361,143.0,94,0.818
24,171,737,13.0,171,0.9682
24,103,692,179.0,103,0.8314
24,19,381,189.0,19,0.8646
24,177,56,157.0,177,0.9727
24,64,257,158.0,64,0.833
24,214,339,160.0,214,0.8983
24,180,756,162.0,180,0.7643
24,128,670,168.0,128,0.8145
24,75,869,195.0,75,0.8573
24,224,283,180.0,224,0.9818
24,114,777,21.0,114,0.9326
24,173,333,185.0,173,0.8944
24,135,866,186.0,135,0.9146
24,184,303,190.0,184,0.8531
24,129,867,192.0,129,0.7794
24,139,870,196.0,139,0.8182
24,127,84,197.0,127,0.8831
24,204,772,199.0,204,0.9196
24,112,786,60.0,112,0.8892
24,239,93,202.0,239,0.9777
24,123,803,207.0,123,0.964
24,60,874,209.0,60,0.8419
24,166,876,44.0,166,0.8147
24,92,708,108.0,92,0.7429
24,226,754,59.0,226,0.8989
24,215,742,31.0,215,0.8645
24,202,180,38.0,202,0.9674
24,0,880,,0,1.0
24,1,881,,1,1.0
24,2,882,,2,1.0
24,4,883,,4,1.0
24,6,884,,6,1.0
24,8,885,,8,1.0
24,10,886,,10,1.0
24,36,887,,36,1.0
24,14,888,,14,1.0
24,18,889,,18,1.0
24,20,890,,20,1.0
24,22,891,,22,1.0
24,24,892,,24,1.0
24,25,893,,25,1.0
24,27,894,,27,1.0
24,28,895,,28,1.0
24,30,896,,30,1.0
24,45,897,,45,1.0
24,34,898,,34,1.0
24,37,899,,37,1.0
24,41,900,,41,1.0
24,43,901,,43,1.0
24,46,902,,46,1.0
24,52,903,,52,1.0
24,56,904,,56,1.0
24,57,905,,57,1.0
24,58,906,,58,1.0
24,61,907,,61,1.0
24,62,908,,62,1.0
24,63,909,,63,1.0
24,65,910,,65,1.0
24,66,911,,66,1.0
24,68,912,,68,1.0
24,69,913,,69,1.0
24,71,914,,71,1.0
24,73,915,,73,1.0
24,74,916,,74,1.0
24,81,917,,81,1.0
24,83,918,,83,1.0
24,84,919,,84,1.0
24,85,920,,85,1.0
24,86,921,,86,1.0
24,87,922,,87,1.0
24,88,923,,88,1.0
24,91,924,,91,1.0
24,93,925,,93,1.0
24,96,926,,96,1.0
24,97,927,,97,1.0
24,98,928,,98,1.0
24,99,929,,99,1.0
24,100,930,,100,1.0
24,102,931,,102,1.0
24,104,932,,104,1.0
24,107,933,,107,1.0
24,108,934,,108,1.0
24,111,935,,111,1.0
24,113,936,,113,1.0
24,115,937,,115,1.0
24,118,938,,118,1.0
24,119,939,,119,1.0
24,120,940,,120,1.0
24,122,941,,122,1.0
24,124,942,,124,1.0
24,125,943,,125,1.0
24,126,944,,126,1.0
24,131,945,,131,1.0
24,133,946,,133,1.0
24,134,947,,134,1.0
24,136,948,,136,1.0
24,137,949,,137,1.0
24,138,950,,138,1.0
24,140,951,,140,1.0
24,141,952,,141,1.0
24,142,953,,142,1.0
24,143,954,,143,1.0
24,145,955,,145,1.0
24,147,956,,147,1.0
24,148,957,,148,1.0
24,149,958,,149,1.0
24,150,959,,150,1.0
24,152,960,,152,1.0
24,154,961,,154,1.0
24,155,962,,155,1.0
24,156,963,,156,1.0
24,159,964,,159,1.0
24,162,965,,162,1.0
24,164,966,,164,1.0
24,165,967,,165,1.0
24,167,968,,167,1.0
24,168,969,,168,1.0
24,169,970,,169,1.0
24,170,971,,170,1.0
24,172,972,,172,1.0
24,175,973,,175,1.0
24,178,974,,178,1.0
24,181,975,,181,1.0
24,183,976,,183,1.0
24,185,977,,185,1.0
24,187,978,,187,1.0
24,188,979,,188,1.0
24,189,980,,189,1.0
24,190,981,,190,1.0
24,191,982,,191,1.0
24,193,983,,193,1.0
24,194,984,,194,1.0
24,195,985,,195,1.0
24,196,986,,196,1.0
24,197,987,,197,1.0
24,200,988,,200,1.0
24,206,989,,206,1.0
24,207,990,,207,1.0
24,208,991,,208,1.0
24,209,992,,209,1.0
24,210,993,,210,1.0
24,211,994,,211,1.0
24,213,995,,213,1.0
24,216,996,,216,1.0
24,217,997,,217,1.0
24,218,998,,218,1.0
24,219,999,,219,1.0
24,221,1000,,221,1.0
24,222,1001,,222,1.0
24,223,1002,,223,1.0
24,225,1003,,225,1.0
24,227,1004,,227,1.0
24,228,1005,,228,1.0
24,229,1006,,229,1.0
24,231,1007,,231,1.0
24,232,1008,,232,1.0
24,233,1009,,233,1.0
24,234,1010,,234,1.0
24,236,1011,,236,1.0
24,237,1012,,237,1.0
24,238,1013,,238,1.0
24,240,1014,,240,1.0
24,241,1015,,241,1.0
24,242,1016,,242,1.0
24,243,1017,,243,1.0
24,244,1018,,244,1.0
24,246,1019,,246,1.0
24,250,1020,,250,1.0
24,251,1021,,251,1.0
24,252,1022,,252,1.0
24,253,1023,,253,1.0
24,105,1024,,105,1.0
24,21,1025,,21,1.0
24,26,1026,,26,1.0
24,29,1027,,29,1.0
24,31,1028,,31,1.0
24,44,1029,,44,1.0
24,47,1030,,47,1.0
24,48,1031,,48,1.0
24,55,1032,,55,1.0
24,70,1033,,70,1.0
24,72,1034,,72,1.0
24,78,1035,,78,1.0
24,82,1036,,82,1.0
