pcid,birth,death,lifetime,persistence,snapshots
0,20,20,1,1,1
1,20,20,1,1,1
2,20,20,1,1,1
3,20,20,1,1,1
4,20,20,1,1,1
5,20,20,1,1,1
6,20,21,2,2,2
7,20,20,1,1,1
8,20,20,1,1,1
9,20,20,1,1,1
10,20,20,1,1,1
11,20,21,2,2,2
12,20,20,1,1,1
13,20,20,1,1,1
14,20,20,1,1,1
15,20,22,3,3,3
16,20,20,1,1,1
17,20,20,1,1,1
18,20,23,4,4,4
19,20,20,1,1,1
20,20,21,2,2,2
21,20,22,3,3,3
22,20,20,1,1,1
23,20,23,4,4,4
24,20,20,1,1,1
25,20,23,4,4,4
26,20,20,1,1,1
27,20,20,1,1,1
28,20,21,2,2,2
29,20,20,1,1,1
30,20,20,1,1,1
31,20,20,1,1,1
32,20,20,1,1,1
33,20,20,1,1,1
34,20,20,1,1,1
35,20,20,1,1,1
36,20,20,1,1,1
37,20,20,1,1,1
38,20,22,3,3,3
39,20,23,4,4,4
40,20,22,3,3,3
41,20,20,1,1,1
42,20,21,2,2,2
43,20,20,1,1,1
44,20,20,1,1,1
45,20,20,1,1,1
46,20,20,1,1,1
47,20,20,1,1,1
48,20,20,1,1,1
49,20,21,2,2,2
50,20,21,2,2,2
51,20,20,1,1,1
52,20,20,1,1,1
53,20,20,1,1,1
54,20,20,1,1,1
55,20,24,5,5,5
56,20,24,5,5,5
57,20,20,1,1,1
58,20,20,1,1,1
59,20,20,1,1,1
60,20,20,1,1,1
61,20,20,1,1,1
62,20,22,3,3,3
63,20,20,1,1,1
64,20,20,1,1,1
65,20,20,1,1,1
66,20,21,2,2,2
67,20,20,1,1,1
68,20,20,1,1,1
69,20,20,1,1,1
70,20,20,1,1,1
71,20,21,2,2,2
72,20,20,1,1,1
73,20,20,1,1,1
74,20,24,5,5,5
75,20,20,1,1,1
76,20,20,1,1,1
77,20,20,1,1,1
78,20,20,1,1,1
79,20,22,3,3,3
80,20,20,1,1,1
81,20,20,1,1,1
82,20,23,4,4,4
83,20,20,1,1,1
84,20,24,5,5,5
85,20,24,5,5,5
86,20,20,1,1,1
87,20,20,1,1,1
88,20,20,1,1,1
89,20,20,1,1,1
90,20,20,1,1,1
91,20,20,1,1,1
92,20,23,4,4,4
93,20,24,5,5,5
94,20,20,1,1,1
95,20,21,2,2,2
96,20,20,1,1,1
97,20,20,1,1,1
98,20,20,1,1,1
99,20,20,1,1,1
100,20,22,3,3,3
101,20,20,1,1,1
102,20,20,1,1,1
103,20,23,4,4,4
104,20,20,1,1,1
105,20,20,1,1,1
106,20,20,1,1,1
107,20,20,1,1,1
108,20,20,1,1,1
109,20,20,1,1,1
110,20,21,2,2,2
111,20,22,3,3,3
112,20,20,1,1,1
113,20,20,1,1,1
114,20,21,2,2,2
115,20,20,1,1,1
116,20,20,1,1,1
117,20,20,1,1,1
118,20,20,1,1,1
119,20,21,2,2,2
120,20,20,1,1,1
121,20,24,5,5,5
122,20,20,1,1,1
123,20,20,1,1,1
124,20,20,1,1,1
125,20,20,1,1,1
126,20,22,3,3,3
127,20,22,3,3,3
128,20,20,1,1,1
129,20,20,1,1,1
130,20,22,3,3,3
131,20,20,1,1,1
132,20,22,3,3,3
133,20,20,1,1,1
134,20,22,3,3,3
135,20,20,1,1,1
136,20,22,3,3,3
137,20,24,5,5,5
138,20,21,2,2,2
139,20,20,1,1,1
140,20,20,1,1,1
141,20,21,2,2,2
142,20,21,2,2,2
143,20,20,1,1,1
144,20,20,1,1,1
145,20,20,1,1,1
146,20,20,1,1,1
147,20,22,3,3,3
148,20,22,3,3,3
149,20,20,1,1,1
150,20,20,1,1,1
151,20,23,4,4,4
152,20,20,1,1,1
153,20,20,1,1,1
154,20,20,1,1,1
155,20,20,1,1,1
156,20,22,3,3,3
157,20,20,1,1,1
158,20,21,2,2,2
159,20,23,4,4,4
160,20,20,1,1,1
161,20,24,5,5,5
162,20,20,1,1,1
163,20,20,1,1,1
164,20,20,1,1,1
165,20,22,3,3,3
166,20,22,3,3,3
167,20,20,1,1,1
168,20,20,1,1,1
169,20,20,1,1,1
170,20,20,1,1,1
171,20,21,2,2,2
172,20,20,1,1,1
173,20,20,1,1,1
174,20,21,2,2,2
175,20,20,1,1,1
176,20,22,3,3,3
177,20,21,2,2,2
178,20,22,3,3,3
179,20,20,1,1,1
180,20,24,5,5,5
181,20,20,1,1,1
182,20,22,3,3,3
183,20,22,3,3,3
184,20,21,2,2,2
185,20,20,1,1,1
186,20,20,1,1,1
187,20,22,3,3,3
188,20,20,1,1,1
189,20,20,1,1,1
190,20,20,1,1,1
191,20,24,5,5,5
192,20,20,1,1,1
193,20,20,1,1,1
194,20,21,2,2,2
195,20,20,1,1,1
196,20,20,1,1,1
197,20,21,2,2,2
198,20,20,1,1,1
199,20,20,1,1,1
200,20,20,1,1,1
201,20,20,1,1,1
202,20,22,3,3,3
203,20,20,1,1,1
204,20,22,3,3,3
205,20,22,3,3,3
206,20,22,3,3,3
207,20,20,1,1,1
208,20,22,3,3,3
209,20,20,1,1,1
210,20,20,1,1,1
211,20,20,1,1,1
212,20,24,5,5,5
213,20,20,1,1,1
214,20,24,5,5,5
215,20,20,1,1,1
216,20,20,1,1,1
217,20,20,1,1,1
218,20,20,1,1,1
219,20,21,2,2,2
220,20,21,2,2,2
221,20,22,3,3,3
222,20,20,1,1,1
223,20,21,2,2,2
224,20,22,3,3,3
225,20,22,3,3,3
226,20,20,1,1,1
227,20,20,1,1,1
228,20,20,1,1,1
229,20,21,2,2,2
230,20,20,1,1,1
231,20,21,2,2,2
232,20,23,4,4,4
233,20,22,3,3,3
234,20,24,5,5,5
235,20,20,1,1,1
236,20,20,1,1,1
237,20,21,2,2,2
238,20,22,3,3,3
239,20,20,1,1,1
240,20,22,3,3,3
241,20,20,1,1,1
242,20,20,1,1,1
243,20,20,1,1,1
244,20,20,1,1,1
245,20,20,1,1,1
246,20,20,1,1,1
247,20,20,1,1,1
248,20,22,3,3,3
249,20,20,1,1,1
250,20,20,1,1,1
251,20,20,1,1,1
252,20,20,1,1,1
253,20,21,2,2,2
254,20,23,4,4,4
255,20,20,1,1,1
256,20,20,1,1,1
257,20,24,5,5,5
258,20,21,2,2,2
259,20,20,1,1,1
260,20,21,2,2,2
261,20,24,5,5,5
262,20,23,4,4,4
263,20,22,3,3,3
264,20,22,3,3,3
265,20,20,1,1,1
266,20,20,1,1,1
267,20,21,2,2,2
268,20,20,1,1,1
269,20,20,1,1,1
270,20,22,3,3,3
271,20,20,1,1,1
272,20,22,3,3,3
273,20,22,3,3,3
274,20,21,2,2,2
275,20,21,2,2,2
276,20,22,3,3,3
277,20,22,3,3,3
278,20,22,3,3,3
279,20,20,1,1,1
280,20,21,2,2,2
281,20,21,2,2,2
282,20,22,3,3,3
283,20,24,5,5,5
284,20,21,2,2,2
285,20,20,1,1,1
286,20,22,3,3,3
287,20,22,3,3,3
288,20,21,2,2,2
289,20,20,1,1,1
290,20,23,4,4,4
291,20,21,2,2,2
292,20,22,3,3,3
293,20,22,3,3,3
294,20,20,1,1,1
295,20,20,1,1,1
296,20,22,3,3,3
297,20,20,1,1,1
298,20,21,2,2,2
299,20,22,3,3,3
300,20,22,3,3,3
301,20,22,3,3,3
302,20,21,2,2,2
303,20,24,5,5,5
304,20,23,4,4,4
305,20,20,1,1,1
306,20,20,1,1,1
307,20,21,2,2,2
308,20,21,2,2,2
309,20,22,3,3,3
310,20,22,3,3,3
311,20,21,2,2,2
312,20,22,3,3,3
313,20,20,1,1,1
314,20,24,5,5,5
315,20,21,2,2,2
316,20,22,3,3,3
317,20,23,4,4,4
318,20,22,3,3,3
319,20,22,3,3,3
320,20,22,3,3,3
321,20,24,5,5,5
322,20,22,3,3,3
323,20,23,4,4,4
324,20,21,2,2,2
325,20,22,3,3,3
326,20,22,3,3,3
327,21,21,1,1,1
328,21,21,1,1,1
329,21,21,1,1,1
330,21,23,3,3,3
331,21,22,2,2,2
332,21,22,2,2,2
333,21,24,4,4,4
334,21,21,1,1,1
335,21,21,1,1,1
336,21,21,1,1,1
337,21,22,2,2,2
338,21,21,1,1,1
339,21,24,4,4,4
340,21,21,1,1,1
341,21,21,1,1,1
342,21,22,2,2,2
343,21,21,1,1,1
344,21,21,1,1,1
345,21,21,1,1,1
346,21,21,1,1,1
347,21,21,1,1,1
348,21,21,1,1,1
349,21,22,2,2,2
350,21,21,1,1,1
351,21,21,1,1,1
352,21,21,1,1,1
353,21,22,2,2,2
354,21,21,1,1,1
355,21,21,1,1,1
356,21,24,4,4,4
357,21,22,2,2,2
358,21,22,2,2,2
359,21,21,1,1,1
360,21,21,1,1,1
361,21,24,4,4,4
362,21,21,1,1,1
363,21,21,1,1,1
364,21,21,1,1,1
365,21,21,1,1,1
366,21,22,2,2,2
367,21,21,1,1,1
368,21,21,1,1,1
369,21,22,2,2,2
370,21,22,2,2,2
371,21,21,1,1,1
372,21,21,1,1,1
373,21,21,1,1,1
374,21,22,2,2,2
375,21,22,2,2,2
376,21,23,3,3,3
377,21,21,1,1,1
378,21,22,2,2,2
379,21,22,2,2,2
380,21,23,3,3,3
381,21,24,4,4,4
382,21,23,3,3,3
383,21,24,4,4,4
384,21,21,1,1,1
385,21,21,1,1,1
386,21,22,2,2,2
387,21,22,2,2,2
388,21,21,1,1,1
389,21,21,1,1,1
390,21,22,2,2,2
391,21,21,1,1,1
392,21,23,3,3,3
393,21,22,2,2,2
394,21,22,2,2,2
395,21,22,2,2,2
396,21,22,2,2,2
397,21,22,2,2,2
398,21,22,2,2,2
399,21,22,2,2,2
400,21,21,1,1,1
401,21,22,2,2,2
402,21,22,2,2,2
403,21,21,1,1,1
404,21,22,2,2,2
405,21,21,1,1,1
406,21,22,2,2,2
407,21,22,2,2,2
408,21,22,2,2,2
409,21,22,2,2,2
410,21,21,1,1,1
411,21,22,2,2,2
412,21,22,2,2,2
413,21,22,2,2,2
414,21,22,2,2,2
415,21,22,2,2,2
416,21,22,2,2,2
417,21,22,2,2,2
418,21,22,2,2,2
419,22,22,1,1,1
420,22,23,2,2,2
421,22,22,1,1,1
422,22,22,1,1,1
423,22,22,1,1,1
424,22,22,1,1,1
425,22,22,1,1,1
426,22,22,1,1,1
427,22,22,1,1,1
428,22,22,1,1,1
429,22,22,1,1,1
430,22,22,1,1,1
431,22,22,1,1,1
432,22,22,1,1,1
433,22,22,1,1,1
434,22,22,1,1,1
435,22,22,1,1,1
436,22,22,1,1,1
437,22,22,1,1,1
438,22,22,1,1,1
439,22,22,1,1,1
440,22,22,1,1,1
441,22,22,1,1,1
442,22,24,3,3,3
443,22,22,1,1,1
444,22,22,1,1,1
445,22,22,1,1,1
446,22,22,1,1,1
447,22,22,1,1,1
448,22,22,1,1,1
449,22,23,2,2,2
450,22,22,1,1,1
451,22,22,1,1,1
452,22,22,1,1,1
453,22,22,1,1,1
454,22,23,2,2,2
455,22,22,1,1,1
456,22,22,1,1,1
457,22,22,1,1,1
458,22,22,1,1,1
459,22,22,1,1,1
460,22,22,1,1,1
461,22,22,1,1,1
462,22,24,3,3,3
463,22,22,1,1,1
464,22,22,1,1,1
465,22,22,1,1,1
466,22,22,1,1,1
467,22,22,1,1,1
468,22,22,1,1,1
469,22,22,1,1,1
470,22,22,1,1,1
471,22,22,1,1,1
472,22,22,1,1,1
473,22,22,1,1,1
474,22,22,1,1,1
475,22,22,1,1,1
476,22,22,1,1,1
477,22,23,2,2,2
478,22,22,1,1,1
479,22,22,1,1,1
480,22,22,1,1,1
481,22,22,1,1,1
482,22,22,1,1,1
483,22,22,1,1,1
484,22,22,1,1,1
485,22,22,1,1,1
486,22,22,1,1,1
487,22,22,1,1,1
488,22,22,1,1,1
489,22,22,1,1,1
490,22,24,3,3,3
491,22,24,3,3,3
492,22,22,1,1,1
493,22,22,1,1,1
494,22,22,1,1,1
495,22,22,1,1,1
496,22,22,1,1,1
497,22,22,1,1,1
498,22,22,1,1,1
499,22,22,1,1,1
500,22,22,1,1,1
501,22,22,1,1,1
502,22,22,1,1,1
503,22,22,1,1,1
504,22,22,1,1,1
505,22,22,1,1,1
506,22,22,1,1,1
507,22,22,1,1,1
508,22,22,1,1,1
509,22,22,1,1,1
510,22,22,1,1,1
511,22,22,1,1,1
512,22,22,1,1,1
513,22,22,1,1,1
514,22,22,1,1,1
515,22,22,1,1,1
516,22,22,1,1,1
517,22,24,3,3,3
518,22,22,1,1,1
519,22,22,1,1,1
520,22,22,1,1,1
521,22,22,1,1,1
522,22,22,1,1,1
523,22,22,1,1,1
524,22,23,2,2,2
525,22,22,1,1,1
526,22,22,1,1,1
527,22,22,1,1,1
528,22,22,1,1,1
529,22,22,1,1,1
530,22,22,1,1,1
531,22,23,2,2,2
532,22,23,2,2,2
533,22,22,1,1,1
534,22,23,2,2,2
535,22,22,1,1,1
536,22,22,1,1,1
537,22,22,1,1,1
538,22,22,1,1,1
539,22,24,3,3,3
540,22,22,1,1,1
541,22,22,1,1,1
542,22,22,1,1,1
543,22,22,1,1,1
544,22,22,1,1,1
545,22,22,1,1,1
546,22,22,1,1,1
547,22,22,1,1,1
548,22,22,1,1,1
549,22,22,1,1,1
550,22,22,1,1,1
551,22,22,1,1,1
552,22,22,1,1,1
553,22,22,1,1,1
554,22,22,1,1,1
555,22,22,1,1,1
556,22,22,1,1,1
557,22,22,1,1,1
558,22,22,1,1,1
559,22,22,1,1,1
560,22,22,1,1,1
561,22,22,1,1,1
562,22,22,1,1,1
563,22,22,1,1,1
564,22,22,1,1,1
565,22,22,1,1,1
566,22,22,1,1,1
567,22,22,1,1,1
568,22,22,1,1,1
569,22,22,1,1,1
570,22,22,1,1,1
571,22,22,1,1,1
572,22,22,1,1,1
573,22,22,1,1,1
574,22,23,2,2,2
575,22,22,1,1,1
576,22,22,1,1,1
577,22,22,1,1,1
578,22,22,1,1,1
579,22,22,1,1,1
580,22,22,1,1,1
581,22,22,1,1,1
582,22,23,2,2,2
583,22,22,1,1,1
584,22,22,1,1,1
585,22,23,2,2,2
586,22,22,1,1,1
587,22,22,1,1,1
588,22,24,3,3,3
589,22,22,1,1,1
590,22,22,1,1,1
591,22,22,1,1,1
592,22,23,2,2,2
593,22,22,1,1,1
594,22,22,1,1,1
595,22,24,3,3,3
596,22,22,1,1,1
597,22,22,1,1,1
598,22,23,2,2,2
599,22,22,1,1,1
600,22,22,1,1,1
601,22,24,3,3,3
602,22,24,3,3,3
603,22,22,1,1,1
604,22,22,1,1,1
605,22,22,1,1,1
606,22,22,1,1,1
607,22,22,1,1,1
608,22,22,1,1,1
609,22,22,1,1,1
610,22,22,1,1,1
611,22,22,1,1,1
612,22,22,1,1,1
613,22,22,1,1,1
614,22,22,1,1,1
615,22,22,1,1,1
616,22,22,1,1,1
617,22,22,1,1,1
618,22,22,1,1,1
619,22,24,3,3,3
620,22,22,1,1,1
621,22,22,1,1,1
622,22,22,1,1,1
623,22,22,1,1,1
624,22,22,1,1,1
625,22,23,2,2,2
626,22,22,1,1,1
627,22,22,1,1,1
628,22,22,1,1,1
629,22,22,1,1,1
630,22,22,1,1,1
631,22,22,1,1,1
632,22,24,3,3,3
633,22,22,1,1,1
634,22,22,1,1,1
635,22,22,1,1,1
636,22,24,3,3,3
637,22,22,1,1,1
638,22,22,1,1,1
639,22,24,3,3,3
640,22,22,1,1,1
641,22,22,1,1,1
642,22,22,1,1,1
643,22,22,1,1,1
644,22,22,1,1,1
645,22,22,1,1,1
646,22,22,1,1,1
647,22,22,1,1,1
648,22,22,1,1,1
649,22,22,1,1,1
650,22,22,1,1,1
651,22,22,1,1,1
652,22,22,1,1,1
653,22,22,1,1,1
654,22,23,2,2,2
655,22,22,1,1,1
656,22,23,2,2,2
657,22,24,3,3,3
658,22,22,1,1,1
659,22,22,1,1,1
660,22,22,1,1,1
661,22,22,1,1,1
662,22,23,2,2,2
663,22,22,1,1,1
664,22,22,1,1,1
665,22,22,1,1,1
666,22,22,1,1,1
667,22,22,1,1,1
668,22,22,1,1,1
669,22,22,1,1,1
670,22,24,3,3,3
671,22,23,2,2,2
672,22,22,1,1,1
673,22,22,1,1,1
674,22,22,1,1,1
675,22,22,1,1,1
676,22,22,1,1,1
677,22,22,1,1,1
678,22,22,1,1,1
679,22,22,1,1,1
680,22,22,1,1,1
681,22,22,1,1,1
682,22,22,1,1,1
683,22,22,1,1,1
684,22,22,1,1,1
685,22,23,2,2,2
686,22,23,2,2,2
687,22,24,3,3,3
688,22,22,1,1,1
689,22,24,3,3,3
690,22,22,1,1,1
691,22,22,1,1,1
692,22,24,3,3,3
693,22,22,1,1,1
694,22,22,1,1,1
695,22,22,1,1,1
696,22,23,2,2,2
697,22,22,1,1,1
698,22,22,1,1,1
699,22,22,1,1,1
700,22,22,1,1,1
701,22,23,2,2,2
702,22,22,1,1,1
703,22,23,2,2,2
704,22,22,1,1,1
705,22,22,1,1,1
706,22,22,1,1,1
707,22,22,1,1,1
708,22,24,3,3,3
709,22,22,1,1,1
710,22,22,1,1,1
711,22,22,1,1,1
712,22,22,1,1,1
713,22,22,1,1,1
714,22,22,1,1,1
715,22,22,1,1,1
716,22,22,1,1,1
717,22,22,1,1,1
718,22,22,1,1,1
719,22,23,2,2,2
720,22,22,1,1,1
721,22,23,2,2,2
722,22,24,3,3,3
723,22,22,1,1,1
724,22,23,2,2,2
725,22,22,1,1,1
726,22,23,2,2,2
727,22,23,2,2,2
728,22,22,1,1,1
729,22,24,3,3,3
730,22,22,1,1,1
731,22,23,2,2,2
732,22,22,1,1,1
733,22,22,1,1,1
734,22,22,1,1,1
735,22,22,1,1,1
736,22,23,2,2,2
737,22,24,3,3,3
738,22,22,1,1,1
739,22,22,1,1,1
740,22,22,1,1,1
741,22,24,3,3,3
742,22,24,3,3,3
743,22,22,1,1,1
744,22,22,1,1,1
745,22,24,3,3,3
746,22,23,2,2,2
747,22,22,1,1,1
748,22,22,1,1,1
749,22,23,2,2,2
750,22,22,1,1,1
751,22,22,1,1,1
752,22,22,1,1,1
753,22,23,2,2,2
754,22,24,3,3,3
755,22,22,1,1,1
756,22,24,3,3,3
757,22,22,1,1,1
758,22,22,1,1,1
759,22,22,1,1,1
760,22,22,1,1,1
761,22,23,2,2,2
762,22,23,2,2,2
763,22,23,2,2,2
764,22,22,1,1,1
765,22,23,2,2,2
766,22,24,3,3,3
767,22,23,2,2,2
768,22,24,3,3,3
769,22,22,1,1,1
770,22,22,1,1,1
771,22,23,2,2,2
772,22,24,3,3,3
773,22,22,1,1,1
774,22,24,3,3,3
775,22,23,2,2,2
776,22,22,1,1,1
777,22,24,3,3,3
778,22,22,1,1,1
779,22,22,1,1,1
780,22,22,1,1,1
781,22,22,1,1,1
782,22,22,1,1,1
783,22,24,3,3,3
784,22,22,1,1,1
785,22,22,1,1,1
786,22,24,3,3,3
787,22,22,1,1,1
788,22,23,2,2,2
789,22,23,2,2,2
790,22,24,3,3,3
791,22,24,3,3,3
792,22,22,1,1,1
793,22,22,1,1,1
794,22,22,1,1,1
795,22,23,2,2,2
796,22,22,1,1,1
797,22,23,2,2,2
798,22,23,2,2,2
799,22,23,2,2,2
800,22,23,2,2,2
801,22,23,2,2,2
802,22,23,2,2,2
803,22,24,3,3,3
804,22,24,3,3,3
805,23,23,1,1,1
806,23,23,1,1,1
807,23,23,1,1,1
808,23,23,1,1,1
809,23,23,1,1,1
810,23,23,1,1,1
811,23,24,2,2,2
812,23,23,1,1,1
813,23,23,1,1,1
814,23,23,1,1,1
815,23,23,1,1,1
816,23,23,1,1,1
817,23,23,1,1,1
818,23,24,2,2,2
819,23,23,1,1,1
820,23,23,1,1,1
821,23,23,1,1,1
822,23,24,2,2,2
823,23,24,2,2,2
824,23,23,1,1,1
825,23,23,1,1,1
826,23,23,1,1,1
827,23,23,1,1,1
828,23,24,2,2,2
829,23,23,1,1,1
830,23,24,2,2,2
831,23,24,2,2,2
832,23,23,1,1,1
833,23,23,1,1,1
834,23,24,2,2,2
835,23,24,2,2,2
836,23,23,1,1,1
837,23,24,2,2,2
838,23,24,2,2,2
839,23,24,2,2,2
840,23,23,1,1,1
841,23,24,2,2,2
842,23,23,1,1,1
843,23,23,1,1,1
844,23,24,2,2,2
845,23,23,1,1,1
846,23,24,2,2,2
847,23,24,2,2,2
848,23,23,1,1,1
849,23,24,2,2,2
850,23,24,2,2,2
851,23,24,2,2,2
852,23,23,1,1,1
853,23,23,1,1,1
854,23,23,1,1,1
855,23,24,2,2,2
856,23,23,1,1,1
857,23,23,1,1,1
858,23,23,1,1,1
859,23,23,1,1,1
860,23,23,1,1,1
861,23,23,1,1,1
862,23,24,2,2,2
863,23,23,1,1,1
864,23,23,1,1,1
865,23,24,2,2,2
866,23,24,2,2,2
867,23,24,2,2,2
868,23,23,1,1,1
869,23,24,2,2,2
870,23,24,2,2,2
871,23,23,1,1,1
872,23,23,1,1,1
873,23,23,1,1,1
874,23,24,2,2,2
875,23,24,2,2,2
876,23,24,2,2,2
877,23,24,2,2,2
878,23,24,2,2,2
879,23,24,2,2,2
880,24,24,1,1,1
881,24,24,1,1,1
882,24,24,1,1,1
883,24,24,1,1,1
884,24,24,1,1,1
885,24,24,1,1,1
886,24,24,1,1,1
887,24,24,1,1,1
888,24,24,1,1,1
889,24,24,1,1,1
890,24,24,1,1,1
891,24,24,1,1,1
892,24,24,1,1,1
893,24,24,1,1,1
894,24,24,1,1,1
895,24,24,1,1,1
896,24,24,1,1,1
897,24,24,1,1,1
898,24,24,1,1,1
899,24,24,1,1,1
900,24,24,1,1,1
901,24,24,1,1,1
902,24,24,1,1,1
903,24,24,1,1,1
904,24,24,1,1,1
905,24,24,1,1,1
906,24,24,1,1,1
907,24,24,1,1,1
908,24,24,1,1,1
909,24,24,1,1,1
910,24,24,1,1,1
911,24,24,1,1,1
912,24,24,1,1,1
913,24,24,1,1,1
914,24,24,1,1,1
915,24,24,1,1,1
916,24,24,1,1,1
917,24,24,1,1,1
918,24,24,1,1,1
919,24,24,1,1,1
920,24,24,1,1,1
921,24,24,1,1,1
922,24,24,1,1,1
923,24,24,1,1,1
924,24,24,1,1,1
925,24,24,1,1,1
926,24,24,1,1,1
927,24,24,1,1,1
928,24,24,1,1,1
929,24,24,1,1,1
930,24,24,1,1,1
931,24,24,1,1,1
932,24,24,1,1,1
933,24,24,1,1,1
934,24,24,1,1,1
935,24,24,1,1,1
936,24,24,1,1,1
937,24,24,1,1,1
938,24,24,1,1,1
939,24,24,1,1,1
940,24,24,1,1,1
941,24,24,1,1,1
942,24,24,1,1,1
943,24,24,1,1,1
944,24,24,1,1,1
945,24,24,1,1,1
946,24,24,1,1,1
947,24,24,1,1,1
948,24,24,1,1,1
949,24,24,1,1,1
950,24,24,1,1,1
951,24,24,1,1,1
952,24,24,1,1,1
953,24,24,1,1,1
954,24,24,1,1,1
955,24,24,1,1,1
956,24,24,1,1,1
957,24,24,1,1,1
958,24,24,1,1,1
959,24,24,1,1,1
960,24,24,1,1,1
961,24,24,1,1,1
962,24,24,1,1,1
963,24,24,1,1,1
964,24,24,1,1,1
965,24,24,1,1,1
966,24,24,1,1,1
967,24,24,1,1,1
968,24,24,1,1,1
969,24,24,1,1,1
970,24,24,1,1,1
971,24,24,1,1,1
972,24,24,1,1,1
973,24,24,1,1,1
974,24,24,1,1,1
975,24,24,1,1,1
976,24,24,1,1,1
977,24,24,1,1,1
978,24,24,1,1,1
979,24,24,1,1,1
980,24,24,1,1,1
981,24,24,1,1,1
982,24,24,1,1,1
983,24,24,1,1,1
984,24,24,1,1,1
985,24,24,1,1,1
986,24,24,1,1,1
987,24,24,1,1,1
988,24,24,1,1,1
989,24,24,1,1,1
990,24,24,1,1,1
991,24,24,1,1,1
992,24,24,1,1,1
993,24,24,1,1,1
994,24,24,1,1,1
995,24,24,1,1,1
996,24,24,1,1,1
997,24,24,1,1,1
998,24,24,1,1,1
999,24,24,1,1,1
1000,24,24,1,1,1
1001,24,24,1,1,1
1002,24,24,1,1,1
1003,24,24,1,1,1
1004,24,24,1,1,1
1005,24,24,1,1,1
1006,24,24,1,1,1
1007,24,24,1,1,1
1008,24,24,1,1,1
1009,24,24,1,1,1
1010,24,24,1,1,1
1011,24,24,1,1,1
1012,24,24,1,1,1
1013,24,24,1,1,1
1014,24,24,1,1,1
1015,24,24,1,1,1
1016,24,24,1,1,1
1017,24,24,1,1,1
1018,24,24,1,1,1
1019,24,24,1,1,1
1020,24,24,1,1,1
1021,24,24,1,1,1
1022,24,24,1,1,1
1023,24,24,1,1,1
1024,24,24,1,1,1
1025,24,24,1,1,1
1026,24,24,1,1,1
1027,24,24,1,1,1
1028,24,24,1,1,1
1029,24,24,1,1,1
1030,24,24,1,1,1
1031,24,24,1,1,1
1032,24,24,1,1,1
1033,24,24,1,1,1
1034,24,24,1,1,1
1035,24,24,1,1,1
1036,24,24,1,1,1
